seed,episode,start_local,start_idx_abs,static_bps,sizeaware_bps,vwap_bps,static_vs_vwap,sizeaware_vs_vwap,sizeaware_vs_static
1000,0,5267,65746,46.989,37.893,38.837,8.152,-0.944,-9.096
1000,1,13482,73961,89.434,41.323,49.943,39.491,-8.62,-48.111
1000,2,21939,82418,24.906,26.467,26.115,-1.209,0.353,1.562
1000,3,15614,76093,155.353,99.391,49.742,105.611,49.649,-55.962
1000,4,21166,81645,24.529,33.997,28.406,-3.877,5.591,9.468
1000,5,12178,72657,78.364,54.686,61.509,16.854,-6.824,-23.678
1000,6,5396,65875,69.074,47.341,55.302,13.771,-7.961,-21.732
1000,7,5255,65734,34.451,24.278,36.697,-2.246,-12.419,-10.173
1000,8,13005,73484,75.42,42.945,47.668,27.752,-4.723,-32.475
1000,9,13673,74152,120.532,47.194,47.796,72.735,-0.602,-73.338
1000,10,7666,68145,81.2,45.976,48.375,32.825,-2.399,-35.224
1000,11,4940,65419,71.808,51.523,43.567,28.241,7.957,-20.285
1000,12,12916,73395,47.183,40.624,35.617,11.566,5.007,-6.559
1000,13,7280,67759,39.797,39.872,38.612,1.185,1.26,0.075
1000,14,6759,67238,36.67,44.351,33.945,2.725,10.405,7.681
1000,15,19489,79968,194.353,46.399,53.128,141.226,-6.729,-147.954
1000,16,4829,65308,84.739,44.686,40.628,44.111,4.058,-40.053
1000,17,14265,74744,47.993,33.799,46.557,1.436,-12.759,-14.194
1000,18,19,60498,155.539,51.094,51.429,104.11,-0.335,-104.445
1000,19,22334,82813,32.464,44.069,35.53,-3.067,8.539,11.606
1000,20,23216,83695,32.986,42.446,43.598,-10.612,-1.152,9.46
1000,21,20826,81305,42.001,41.431,36.539,5.463,4.892,-0.57
1000,22,17863,78342,117.312,48.543,43.743,73.569,4.8,-68.769
1000,23,6422,66901,29.746,30.049,40.261,-10.515,-10.212,0.303
1000,24,20516,80995,60.314,34.336,44.215,16.099,-9.879,-25.978
1000,25,4909,65388,90.374,34.319,35.402,54.972,-1.083,-56.055
1000,26,16430,76909,51.198,28.626,56.478,-5.28,-27.851,-22.571
1000,27,25445,85924,29.23,34.472,37.691,-8.46,-3.219,5.242
1000,28,3924,64403,59.935,45.907,39.441,20.494,6.466,-14.028
1000,29,17325,77804,77.294,34.815,38.464,38.83,-3.65,-42.479
1000,30,3072,63551,50.69,39.794,34.643,16.047,5.151,-10.896
1000,31,7250,67729,58.8,72.944,54.854,3.947,18.091,14.144
1000,32,11100,71579,71.326,35.385,35.587,35.739,-0.202,-35.941
1000,33,5272,65751,65.613,41.367,36.941,28.672,4.426,-24.247
1000,34,23345,83824,44.057,28.99,23.904,20.153,5.086,-15.067
1000,35,16163,76642,4.358,19.083,18.328,-13.97,0.755,14.724
1000,36,22134,82613,35.75,41.613,38.008,-2.258,3.605,5.863
1000,37,16875,77354,121.649,70.111,48.166,73.483,21.945,-51.538
1000,38,9651,70130,53.732,32.867,45.308,8.424,-12.441,-20.865
1000,39,23242,83721,39.027,42.64,38.227,0.8,4.412,3.612
1000,40,11962,72441,158.158,129.719,53.424,104.734,76.295,-28.438
1000,41,25206,85685,67.545,50.663,59.911,7.634,-9.248,-16.882
1000,42,20887,81366,43.076,46.702,48.127,-5.051,-1.425,3.626
1000,43,3980,64459,49.08,38.009,41.675,7.405,-3.666,-11.071
1000,44,18073,78552,36.373,40.391,43.424,-7.051,-3.033,4.018
1000,45,18077,78556,45.37,41.057,47.435,-2.065,-6.378,-4.313
1000,46,21014,81493,56.514,35.811,45.553,10.961,-9.742,-20.703
1000,47,11565,72044,27.953,21.599,31.396,-3.444,-9.797,-6.353
1000,48,9109,69588,92.309,51.7,46.313,45.996,5.387,-40.609
1000,49,452,60931,59.128,45.938,46.921,12.206,-0.983,-13.19
1000,50,21937,82416,24.871,26.008,26.536,-1.665,-0.527,1.137
1000,51,7525,68004,31.504,33.452,57.464,-25.959,-24.012,1.948
1000,52,25497,85976,25.76,27.485,28.889,-3.13,-1.404,1.725
1000,53,9858,70337,86.206,40.12,54.008,32.198,-13.888,-46.086
1000,54,19106,79585,34.514,39.48,37.158,-2.643,2.323,4.966
1000,55,8301,68780,82.991,42.946,46.904,36.087,-3.958,-40.045
1000,56,3332,63811,22.155,22.414,34.027,-11.871,-11.612,0.259
1000,57,24373,84852,118.485,56.704,55.341,63.144,1.363,-61.781
1000,58,457,60936,90.269,46.721,48.524,41.745,-1.803,-43.549
1000,59,18170,78649,35.221,47.735,46.33,-11.109,1.405,12.514
1000,60,3031,63510,86.098,40.224,41.549,44.549,-1.326,-45.874
1000,61,3528,64007,64.752,48.227,50.638,14.115,-2.411,-16.525
1000,62,5857,66336,61.175,45.24,41.11,20.065,4.131,-15.935
1000,63,8875,69354,115.908,55.308,52.5,63.408,2.808,-60.6
1000,64,17500,77979,40.066,40.066,60.781,-20.715,-20.715,0.0
1000,65,20997,81476,35.448,37.08,40.514,-5.066,-3.435,1.632
1000,66,23490,83969,23.745,27.84,25.408,-1.663,2.432,4.095
1000,67,3839,64318,44.109,41.613,34.694,9.416,6.92,-2.496
1000,68,21725,82204,38.546,35.454,65.154,-26.607,-29.7,-3.092
1000,69,1534,62013,100.846,52.95,50.138,50.708,2.812,-47.896
1000,70,4214,64693,126.368,41.217,44.126,82.242,-2.909,-85.151
1000,71,8130,68609,143.765,45.433,44.936,98.828,0.496,-98.332
1000,72,12335,72814,50.389,40.24,52.321,-1.932,-12.081,-10.15
1000,73,10864,71343,74.585,34.774,28.327,46.258,6.447,-39.811
1000,74,18956,79435,3.141,23.69,28.973,-25.831,-5.282,20.549
1000,75,20894,81373,41.13,46.755,48.379,-7.249,-1.624,5.625
1000,76,14949,75428,21.034,25.604,25.759,-4.725,-0.155,4.57
1000,77,245,60724,56.534,44.98,45.573,10.961,-0.592,-11.554
1000,78,5171,65650,35.761,29.121,36.578,-0.818,-7.457,-6.639
1000,79,11742,72221,24.357,22.464,24.201,0.156,-1.737,-1.893
1000,80,14581,75060,173.05,38.383,45.421,127.629,-7.038,-134.668
1000,81,14447,74926,172.242,41.981,41.511,130.731,0.47,-130.261
1000,82,19388,79867,48.948,39.833,54.839,-5.891,-15.006,-9.115
1000,83,74,60553,107.144,85.963,53.376,53.768,32.587,-21.181
1000,84,5681,66160,123.867,44.316,48.774,75.094,-4.457,-79.551
1000,85,7699,68178,48.55,30.623,32.618,15.932,-1.996,-17.927
1000,86,226,60705,54.804,39.223,44.328,10.477,-5.105,-15.582
1000,87,1391,61870,23.741,40.753,31.932,-8.191,8.82,17.012
1000,88,18444,78923,26.24,33.287,31.889,-5.648,1.398,7.047
1000,89,14679,75158,75.475,47.813,45.163,30.312,2.65,-27.663
1000,90,17450,77929,42.662,41.193,40.88,1.782,0.313,-1.469
1000,91,24321,84800,57.928,46.155,64.472,-6.543,-18.317,-11.774
1000,92,22222,82701,27.197,34.353,36.935,-9.738,-2.583,7.156
1000,93,18728,79207,56.852,42.541,35.735,21.116,6.805,-14.311
1000,94,12569,73048,29.706,35.867,38.007,-8.301,-2.139,6.162
1000,95,22145,82624,30.704,37.545,32.71,-2.006,4.835,6.841
1000,96,9683,70162,107.601,47.026,47.866,59.735,-0.84,-60.575
1000,97,14075,74554,54.98,53.583,65.011,-10.032,-11.428,-1.396
1000,98,4295,64774,57.076,33.334,30.576,26.5,2.759,-23.742
1000,99,9817,70296,94.393,43.685,41.473,52.92,2.212,-50.708
1000,100,20535,81014,63.831,48.488,56.346,7.485,-7.859,-15.343
1000,101,15629,76108,87.661,131.725,55.666,31.995,76.059,44.065
1000,102,25613,86092,40.208,32.562,30.553,9.655,2.009,-7.646
1000,103,18996,79475,76.052,26.046,45.042,31.01,-18.996,-50.007
1000,104,3604,64083,28.749,40.721,37.952,-9.203,2.769,11.972
1000,105,25559,86038,29.226,36.388,29.694,-0.468,6.694,7.162
1000,106,8782,69261,74.147,49.129,46.626,27.52,2.503,-25.018
1000,107,23072,83551,27.528,30.574,39.594,-12.066,-9.02,3.046
1000,108,24163,84642,107.746,58.473,59.004,48.741,-0.531,-49.273
1000,109,13437,73916,77.888,42.029,42.774,35.113,-0.745,-35.859
1000,110,9415,69894,67.51,53.86,49.849,17.661,4.01,-13.65
1000,111,5384,65863,82.793,51.401,50.983,31.811,0.418,-31.392
1000,112,8241,68720,38.142,40.355,35.667,2.475,4.689,2.214
1000,113,7730,68209,6.705,34.796,26.575,-19.87,8.221,28.091
1000,114,3979,64458,46.188,37.646,41.056,5.132,-3.409,-8.541
1000,115,21605,82084,84.815,50.103,52.268,32.547,-2.165,-34.712
1000,116,1060,61539,29.9,37.425,38.582,-8.682,-1.158,7.524
1000,117,4771,65250,80.401,36.753,30.649,49.752,6.104,-43.648
1000,118,11263,71742,57.284,33.682,36.708,20.576,-3.027,-23.603
1000,119,4751,65230,65.856,52.067,34.136,31.72,17.93,-13.79
1000,120,6635,67114,121.184,33.276,35.731,85.453,-2.455,-87.909
1000,121,6077,66556,34.768,35.697,32.865,1.903,2.831,0.929
1000,122,15402,75881,49.03,39.354,33.969,15.061,5.385,-9.677
1000,123,17020,77499,60.4,38.718,43.121,17.278,-4.403,-21.681
1000,124,12238,72717,185.327,42.472,46.551,138.776,-4.079,-142.855
1000,125,13362,73841,37.785,30.498,43.292,-5.507,-12.794,-7.287
1000,126,2042,62521,21.725,24.9,22.028,-0.303,2.872,3.175
1000,127,21304,81783,66.489,38.494,44.765,21.725,-6.27,-27.995
1000,128,3618,64097,60.507,38.466,37.657,22.849,0.808,-22.041
1000,129,4904,65383,78.097,31.055,35.659,42.438,-4.604,-47.042
1000,130,12056,72535,47.393,21.825,47.18,0.212,-25.356,-25.568
1000,131,25354,85833,60.736,31.001,33.965,26.771,-2.964,-29.736
1000,132,8826,69305,104.954,41.618,45.161,59.794,-3.542,-63.336
1000,133,10158,70637,223.448,45.627,51.84,171.607,-6.214,-177.821
1000,134,7107,67586,50.127,15.924,29.359,20.768,-13.435,-34.203
1000,135,11725,72204,20.776,27.862,22.093,-1.317,5.769,7.086
1000,136,22108,82587,56.513,42.733,50.062,6.451,-7.329,-13.78
1000,137,7092,67571,14.729,30.064,26.535,-11.806,3.529,15.335
1000,138,18165,78644,37.304,45.649,44.022,-6.717,1.628,8.345
1000,139,8346,68825,122.655,58.787,52.56,70.096,6.228,-63.868
1000,140,8615,69094,47.975,42.364,47.065,0.91,-4.7,-5.61
1000,141,16224,76703,18.699,25.175,36.199,-17.5,-11.024,6.476
1000,142,1022,61501,83.601,41.736,47.986,35.615,-6.249,-41.865
1000,143,11154,71633,34.114,33.441,26.124,7.99,7.317,-0.674
1000,144,11161,71640,30.071,35.045,28.308,1.763,6.737,4.974
1000,145,1980,62459,29.1,30.284,39.629,-10.529,-9.344,1.184
1000,146,18383,78862,25.654,27.211,29.754,-4.1,-2.543,1.557
1000,147,2550,63029,129.169,44.013,44.887,84.282,-0.875,-85.156
1000,148,19255,79734,36.912,25.733,38.943,-2.031,-13.21,-11.179
1000,149,1719,62198,42.086,21.743,33.207,8.879,-11.464,-20.343
1000,150,14829,75308,36.825,21.777,28.137,8.689,-6.36,-15.049
1000,151,18301,78780,39.873,42.628,42.257,-2.384,0.371,2.755
1000,152,17697,78176,54.208,48.696,51.682,2.525,-2.987,-5.512
1000,153,23492,83971,23.745,27.289,25.35,-1.605,1.939,3.544
1000,154,11194,71673,81.93,22.431,27.341,54.589,-4.91,-59.499
1000,155,10409,70888,94.739,48.758,48.735,46.004,0.022,-45.982
1000,156,14834,75313,22.076,19.702,24.244,-2.168,-4.541,-2.374
1000,157,13008,73487,65.498,44.106,49.829,15.669,-5.723,-21.392
1000,158,6515,66994,85.906,48.213,42.942,42.964,5.271,-37.694
1000,159,6254,66733,33.368,41.916,37.329,-3.961,4.587,8.548
1000,160,8832,69311,144.213,48.366,46.537,97.677,1.83,-95.847
1000,161,18068,78547,27.001,39.284,40.586,-13.586,-1.302,12.284
1000,162,25745,86224,38.172,40.01,46.102,-7.93,-6.091,1.838
1000,163,22903,83382,25.273,37.455,34.942,-9.669,2.513,12.182
1000,164,4869,65348,61.351,40.087,43.673,17.678,-3.586,-21.264
1000,165,24189,84668,81.101,63.222,62.559,18.542,0.663,-17.88
1000,166,12734,73213,43.609,40.19,62.392,-18.783,-22.203,-3.42
1000,167,4995,65474,88.597,41.582,34.34,54.258,7.242,-47.015
1000,168,11880,72359,128.389,22.369,39.695,88.693,-17.326,-106.02
1000,169,24801,85280,47.99,44.499,38.8,9.189,5.699,-3.491
1000,170,8374,68853,66.427,45.862,41.696,24.731,4.167,-20.564
1000,171,17454,77933,36.236,36.176,42.524,-6.288,-6.348,-0.06
1000,172,22566,83045,27.995,31.884,38.353,-10.358,-6.469,3.89
1000,173,19153,79632,30.005,39.263,42.816,-12.811,-3.552,9.259
1000,174,5102,65581,79.654,91.179,57.606,22.048,33.573,11.526
1000,175,11224,71703,249.217,53.761,52.11,197.108,1.651,-195.456
1000,176,11856,72335,8.512,-12.58,28.552,-20.04,-41.132,-21.092
1000,177,16032,76511,27.983,33.419,30.118,-2.135,3.301,5.436
1000,178,16501,76980,136.806,52.474,55.134,81.673,-2.66,-84.332
1000,179,13696,74175,43.127,33.468,43.135,-0.008,-9.667,-9.659
1000,180,4203,64682,129.025,35.693,39.895,89.13,-4.202,-93.332
1000,181,17063,77542,21.751,21.98,42.215,-20.464,-20.234,0.23
1000,182,10657,71136,59.971,38.507,42.26,17.711,-3.753,-21.464
1000,183,20634,81113,42.851,47.426,47.098,-4.246,0.328,4.575
1000,184,17509,77988,35.669,35.715,52.881,-17.212,-17.167,0.045
1000,185,3420,63899,10.648,30.353,34.244,-23.596,-3.891,19.705
1000,186,8680,69159,36.301,39.548,36.883,-0.582,2.664,3.246
1000,187,22401,82880,30.984,31.56,28.74,2.245,2.82,0.575
1000,188,23948,84427,25.363,30.067,28.669,-3.306,1.397,4.704
1000,189,18288,78767,40.548,41.908,45.018,-4.47,-3.11,1.36
1000,190,2478,62957,32.372,38.108,40.953,-8.581,-2.844,5.736
1000,191,8987,69466,81.54,35.63,39.019,42.521,-3.389,-45.91
1000,192,19699,80178,98.151,45.045,58.752,39.399,-13.707,-53.106
1000,193,10730,71209,53.357,26.809,51.973,1.384,-25.165,-26.549
1000,194,802,61281,50.043,47.651,56.782,-6.739,-9.131,-2.391
1000,195,7126,67605,39.558,22.908,33.148,6.41,-10.24,-16.65
1000,196,3704,64183,65.805,50.591,58.248,7.557,-7.657,-15.214
1000,197,11984,72463,95.5,65.69,48.65,46.849,17.039,-29.81
1000,198,23422,83901,36.474,33.784,37.818,-1.344,-4.034,-2.69
1000,199,11389,71868,35.4,46.079,35.554,-0.154,10.525,10.679
1000,200,17969,78448,153.659,47.873,43.791,109.868,4.083,-105.786
1000,201,2791,63270,62.581,43.476,46.269,16.313,-2.793,-19.105
1000,202,1149,61628,39.32,31.205,37.686,1.634,-6.481,-8.115
1000,203,14661,75140,82.785,45.216,44.223,38.562,0.993,-37.569
1000,204,451,60930,51.632,45.938,46.99,4.642,-1.052,-5.694
1000,205,5664,66143,289.67,66.342,42.327,247.343,24.015,-223.328
1000,206,14220,74699,90.638,105.854,47.417,43.221,58.437,15.216
1000,207,9913,70392,83.12,54.156,44.243,38.877,9.913,-28.964
1000,208,3402,63881,25.403,32.971,32.58,-7.176,0.391,7.567
1000,209,20725,81204,124.451,50.23,52.397,72.054,-2.167,-74.221
1000,210,18650,79129,42.434,46.995,56.171,-13.737,-9.175,4.562
1000,211,23478,83957,22.524,34.529,26.775,-4.251,7.754,12.005
1000,212,11968,72447,503.442,394.781,53.342,450.1,341.439,-108.661
1000,213,8668,69147,88.463,43.74,41.262,47.201,2.478,-44.723
1000,214,15674,76153,115.906,41.893,40.761,75.145,1.133,-74.013
1000,215,3947,64426,45.772,43.521,42.541,3.231,0.979,-2.252
1000,216,1231,61710,78.712,51.411,55.824,22.888,-4.412,-27.301
1000,217,16992,77471,26.844,31.784,37.306,-10.462,-5.522,4.94
1000,218,10936,71415,43.318,34.338,36.2,7.118,-1.862,-8.98
1000,219,6496,66975,49.908,47.745,46.308,3.6,1.437,-2.163
1000,220,18647,79126,40.732,45.809,57.115,-16.383,-11.306,5.077
1000,221,22900,83379,24.334,35.417,33.589,-9.255,1.828,11.083
1000,222,7443,67922,59.026,46.182,40.457,18.57,5.725,-12.844
1000,223,4458,64937,58.734,41.321,39.699,19.035,1.622,-17.413
1000,224,1689,62168,43.242,37.632,31.309,11.933,6.323,-5.61
1000,225,10601,71080,33.306,32.991,33.539,-0.232,-0.548,-0.315
1000,226,6653,67132,52.366,36.103,37.42,14.947,-1.317,-16.263
1000,227,12200,72679,137.173,63.19,53.762,83.411,9.429,-73.982
1000,228,15119,75598,24.305,14.549,29.118,-4.813,-14.569,-9.755
1000,229,3486,63965,96.905,62.774,47.008,49.898,15.766,-34.132
1000,230,13785,74264,19.008,9.411,27.679,-8.671,-18.268,-9.597
1000,231,14157,74636,22.883,24.415,25.953,-3.071,-1.539,1.532
1000,232,20237,80716,36.479,31.38,31.061,5.417,0.319,-5.098
1000,233,5284,65763,102.425,48.983,39.864,62.562,9.119,-53.443
1000,234,5944,66423,30.032,35.334,37.276,-7.244,-1.942,5.303
1000,235,20119,80598,31.751,34.183,29.204,2.547,4.979,2.432
1000,236,10168,70647,154.747,45.396,55.895,98.852,-10.499,-109.351
1000,237,14131,74610,21.318,21.457,24.95,-3.632,-3.493,0.139
1000,238,8268,68747,45.923,30.735,32.141,13.782,-1.406,-15.189
1000,239,16428,76907,58.573,27.385,54.666,3.907,-27.281,-31.189
1000,240,21552,82031,144.518,48.541,44.954,99.564,3.587,-95.977
1000,241,1787,62266,54.667,88.84,43.198,11.469,45.642,34.173
1000,242,21319,81798,32.393,45.619,46.1,-13.707,-0.481,13.226
1000,243,24724,85203,34.755,31.591,62.754,-27.999,-31.163,-3.164
1000,244,22414,82893,26.191,31.204,25.874,0.318,5.33,5.013
1000,245,5157,65636,53.408,30.585,39.257,14.151,-8.672,-22.823
1000,246,7321,67800,42.444,35.973,32.768,9.676,3.205,-6.471
1000,247,7331,67810,40.984,31.588,30.722,10.261,0.866,-9.396
1000,248,16669,77148,52.865,22.132,42.793,10.072,-20.661,-30.733
1000,249,9383,69862,62.331,34.291,36.062,26.269,-1.771,-28.04
1000,250,409,60888,33.306,46.27,42.658,-9.352,3.612,12.964
1000,251,11456,71935,105.78,31.472,32.877,72.903,-1.405,-74.308
1000,252,10033,70512,25.62,15.37,33.697,-8.078,-18.328,-10.25
1000,253,10876,71355,72.623,32.47,23.549,49.073,8.921,-40.153
1000,254,395,60874,41.82,42.647,51.723,-9.903,-9.076,0.827
1000,255,1271,61750,232.712,45.307,54.387,178.325,-9.08,-187.405
1000,256,9764,70243,126.489,40.005,46.024,80.465,-6.019,-86.484
1000,257,11294,71773,30.25,30.334,33.237,-2.987,-2.903,0.084
1000,258,5556,66035,82.7,54.431,52.147,30.553,2.284,-28.269
1000,259,4429,64908,34.522,43.114,37.134,-2.612,5.98,8.592
1000,260,15228,75707,88.079,72.373,54.292,33.787,18.081,-15.707
1000,261,9332,69811,31.706,26.717,33.526,-1.82,-6.809,-4.989
1000,262,23675,84154,31.269,32.977,35.081,-3.812,-2.105,1.707
1000,263,17574,78053,37.777,33.672,35.69,2.087,-2.018,-4.105
1000,264,25413,85892,38.651,34.074,33.067,5.584,1.008,-4.576
1000,265,17665,78144,24.417,29.701,39.676,-15.259,-9.975,5.284
1000,266,10430,70909,84.062,43.891,44.893,39.168,-1.003,-40.171
1000,267,2043,62522,22.108,25.19,22.104,0.003,3.086,3.082
1000,268,22249,82728,88.524,30.878,42.657,45.867,-11.779,-57.646
1000,269,2204,62683,31.809,43.048,40.782,-8.972,2.266,11.238
1000,270,2256,62735,35.476,38.188,39.307,-3.831,-1.119,2.712
1000,271,14494,74973,146.073,41.548,45.755,100.318,-4.207,-104.525
1000,272,10370,70849,105.394,52.394,53.89,51.505,-1.496,-53.001
1000,273,3162,63641,30.65,38.171,49.281,-18.631,-11.11,7.521
1000,274,21138,81617,33.019,38.025,38.889,-5.87,-0.863,5.007
1000,275,19938,80417,27.168,34.395,29.835,-2.667,4.56,7.227
1000,276,10083,70562,15.465,11.472,33.044,-17.579,-21.572,-3.993
1000,277,13010,73489,62.683,44.921,50.807,11.876,-5.886,-17.762
1000,278,8043,68522,127.035,50.83,46.042,80.993,4.787,-76.205
1000,279,15257,75736,71.634,53.722,80.171,-8.538,-26.449,-17.912
1000,280,16574,77053,35.845,14.956,28.089,7.756,-13.134,-20.889
1000,281,17562,78041,30.307,29.265,30.194,0.112,-0.929,-1.041
1000,282,3278,63757,33.759,28.637,59.016,-25.257,-30.379,-5.123
1000,283,17176,77655,25.058,33.103,46.013,-20.955,-12.91,8.045
1000,284,25279,85758,34.615,37.178,35.554,-0.938,1.624,2.562
1000,285,19458,79937,31.219,31.219,47.573,-16.354,-16.354,0.0
1000,286,3546,64025,67.322,44.534,42.582,24.741,1.953,-22.788
1000,287,15083,75562,112.31,30.3,37.301,75.009,-7.001,-82.011
1000,288,13248,73727,62.746,42.749,41.526,21.219,1.223,-19.996
1000,289,12142,72621,13.692,3.04,27.338,-13.646,-24.298,-10.652
1000,290,14593,75072,111.424,48.06,58.607,52.817,-10.546,-63.364
1000,291,16085,76564,29.442,28.125,30.177,-0.735,-2.053,-1.318
1000,292,20872,81351,42.388,43.388,45.562,-3.174,-2.175,0.999
1000,293,15181,75660,86.96,1.077,37.576,49.384,-36.499,-85.883
1000,294,8227,68706,50.047,49.109,44.309,5.739,4.8,-0.939
1000,295,3322,63801,23.415,27.523,37.66,-14.245,-10.137,4.108
1000,296,19944,80423,29.728,35.33,30.742,-1.014,4.587,5.602
1000,297,21020,81499,53.704,36.916,45.677,8.027,-8.761,-16.788
1000,298,20301,80780,26.36,29.277,29.263,-2.904,0.013,2.917
1000,299,23547,84026,26.74,33.897,34.769,-8.029,-0.872,7.157
1001,0,23360,83839,28.723,26.871,28.275,0.448,-1.404,-1.852
1001,1,15841,76320,307.857,55.515,67.817,240.04,-12.302,-252.342
1001,2,21210,81689,64.133,18.222,39.034,25.099,-20.812,-45.91
1001,3,405,60884,47.878,45.492,42.874,5.005,2.618,-2.386
1001,4,13135,73614,151.297,47.421,48.035,103.262,-0.614,-103.876
1001,5,4853,65332,176.022,39.781,42.238,133.784,-2.457,-136.242
1001,6,19845,80324,67.938,43.453,48.236,19.703,-4.782,-24.485
1001,7,22184,82663,41.269,39.423,36.912,4.357,2.51,-1.847
1001,8,4657,65136,110.971,40.88,39.726,71.245,1.153,-70.092
1001,9,1970,62449,23.754,21.266,38.708,-14.954,-17.442,-2.488
1001,10,11319,71798,29.896,29.764,33.863,-3.966,-4.098,-0.132
1001,11,5199,65678,130.301,53.747,43.599,86.703,10.148,-76.555
1001,12,12521,73000,108.261,45.065,44.788,63.473,0.277,-63.196
1001,13,16293,76772,109.964,49.742,64.477,45.487,-14.735,-60.221
1001,14,2497,62976,44.54,51.763,50.205,-5.665,1.557,7.222
1001,15,2548,63027,116.703,42.879,44.977,71.726,-2.098,-73.824
1001,16,17555,78034,35.355,13.97,28.316,7.039,-14.346,-21.385
1001,17,3935,64414,63.74,43.922,39.043,24.696,4.879,-19.818
1001,18,2711,63190,48.029,33.229,46.749,1.28,-13.52,-14.8
1001,19,4660,65139,101.636,37.789,35.515,66.121,2.274,-63.847
1001,20,24598,85077,59.544,42.477,36.846,22.698,5.631,-17.067
1001,21,3411,63890,10.528,0.978,31.115,-20.587,-30.137,-9.55
1001,22,21096,81575,41.236,43.057,62.633,-21.397,-19.576,1.821
1001,23,25448,85927,29.428,36.817,38.435,-9.007,-1.617,7.389
1001,24,11675,72154,32.236,27.512,26.368,5.869,1.144,-4.724
1001,25,19786,80265,69.297,44.631,71.547,-2.25,-26.916,-24.666
1001,26,10239,70718,131.056,58.875,53.728,77.328,5.147,-72.181
1001,27,6554,67033,44.934,43.806,40.875,4.059,2.931,-1.128
1001,28,2773,63252,74.487,46.618,50.819,23.667,-4.201,-27.868
1001,29,12686,73165,98.979,11.782,32.98,65.998,-21.198,-87.196
1001,30,25321,85800,29.569,31.284,28.01,1.558,3.274,1.715
1001,31,5458,65937,83.125,39.58,39.792,43.334,-0.212,-43.546
1001,32,7291,67770,53.617,48.164,41.667,11.949,6.496,-5.453
1001,33,9321,69800,29.997,20.588,29.664,0.333,-9.077,-9.41
1001,34,6474,66953,68.649,43.414,50.125,18.524,-6.711,-25.236
1001,35,23612,84091,29.704,19.892,35.737,-6.033,-15.845,-9.812
1001,36,8678,69157,38.538,37.042,36.781,1.758,0.261,-1.497
1001,37,1623,62102,117.249,47.212,46.152,71.097,1.06,-70.037
1001,38,16831,77310,257.112,65.468,58.067,199.045,7.401,-191.644
1001,39,5202,65681,82.666,55.507,46.125,36.541,9.382,-27.159
1001,40,17566,78045,30.056,17.998,32.198,-2.142,-14.2,-12.058
1001,41,6879,67358,36.424,35.305,36.729,-0.305,-1.424,-1.119
1001,42,18355,78834,28.991,30.183,32.175,-3.184,-1.991,1.193
1001,43,24729,85208,41.805,40.703,63.596,-21.791,-22.892,-1.101
1001,44,25789,86268,35.81,38.583,39.6,-3.79,-1.017,2.773
1001,45,20271,80750,26.734,36.434,32.178,-5.444,4.256,9.7
1001,46,11411,71890,35.249,32.748,23.265,11.984,9.483,-2.501
1001,47,2806,63285,84.662,34.19,37.805,46.857,-3.616,-50.473
1001,48,17112,77591,28.526,29.17,33.389,-4.862,-4.219,0.643
1001,49,22994,83473,43.789,43.948,58.122,-14.333,-14.174,0.159
1001,50,2120,62599,202.535,45.843,61.113,141.422,-15.27,-156.692
1001,51,9827,70306,63.972,43.279,39.787,24.186,3.492,-20.693
1001,52,2063,62542,20.806,15.953,23.879,-3.074,-7.927,-4.853
1001,53,8508,68987,40.357,27.008,36.738,3.619,-9.729,-13.348
1001,54,14615,75094,81.828,46.01,49.383,32.446,-3.373,-35.819
1001,55,1834,62313,62.221,43.501,55.474,6.747,-11.973,-18.72
1001,56,2903,63382,137.834,49.936,50.389,87.445,-0.454,-87.898
1001,57,9584,70063,33.813,36.557,32.603,1.209,3.954,2.745
1001,58,19667,80146,137.498,48.039,83.188,54.31,-35.15,-89.46
1001,59,25284,85763,28.556,31.978,34.004,-5.448,-2.026,3.422
1001,60,11063,71542,135.25,40.39,41.132,94.118,-0.742,-94.86
1001,61,10073,70552,66.613,13.165,37.146,29.467,-23.982,-53.448
1001,62,9429,69908,69.743,53.187,48.569,21.174,4.619,-16.555
1001,63,9764,70243,151.737,52.311,46.024,105.713,6.287,-99.426
1001,64,9910,70389,90.204,48.115,45.431,44.773,2.684,-42.089
1001,65,10055,70534,142.159,31.994,38.512,103.647,-6.518,-110.165
1001,66,3580,64059,56.29,45.95,43.051,13.239,2.9,-10.34
1001,67,1172,61651,187.527,42.368,44.821,142.706,-2.453,-145.16
1001,68,15628,76107,128.364,59.156,56.444,71.921,2.712,-69.209
1001,69,9262,69741,106.575,52.033,46.948,59.627,5.085,-54.542
1001,70,6525,67004,96.251,44.088,44.2,52.051,-0.111,-52.163
1001,71,3215,63694,91.869,47.739,56.282,35.587,-8.543,-44.13
1001,72,17910,78389,127.563,48.858,48.545,79.017,0.313,-78.704
1001,73,2248,62727,38.057,40.779,41.488,-3.431,-0.709,2.722
1001,74,863,61342,95.589,61.703,81.348,14.241,-19.645,-33.886
1001,75,7009,67488,44.671,45.34,33.527,11.143,11.812,0.669
1001,76,25178,85657,92.953,46.001,46.457,46.496,-0.456,-46.952
1001,77,10346,70825,226.061,48.957,52.637,173.424,-3.68,-177.104
1001,78,20520,80999,51.169,21.876,42.658,8.511,-20.782,-29.293
1001,79,18568,79047,41.4,41.342,54.376,-12.976,-13.035,-0.058
1001,80,2907,63386,160.295,49.095,50.266,110.029,-1.171,-111.2
1001,81,5286,65765,105.759,48.144,41.894,63.865,6.25,-57.615
1001,82,24552,85031,30.727,30.896,37.191,-6.464,-6.296,0.169
1001,83,21380,81859,93.397,56.318,59.409,33.988,-3.09,-37.078
1001,84,9139,69618,129.584,42.274,45.822,83.762,-3.548,-87.31
1001,85,5959,66438,32.316,31.142,35.245,-2.929,-4.103,-1.174
1001,86,24713,85192,29.088,27.955,69.673,-40.585,-41.718,-1.133
1001,87,11262,71741,55.145,32.853,37.593,17.552,-4.74,-22.292
1001,88,2138,62617,100.426,60.139,60.625,39.8,-0.487,-40.287
1001,89,13224,73703,52.082,35.666,41.841,10.242,-6.174,-16.416
1001,90,20944,81423,38.839,51.075,48.836,-9.997,2.239,12.236
1001,91,20771,81250,106.27,41.276,36.073,70.198,5.204,-64.994
1001,92,22918,83397,31.948,33.001,35.991,-4.043,-2.99,1.053
1001,93,10177,70656,212.67,58.875,60.569,152.1,-1.694,-153.794
1001,94,25375,85854,58.864,35.929,39.01,19.855,-3.081,-22.935
1001,95,20319,80798,21.408,20.331,20.561,0.848,-0.23,-1.078
1001,96,10004,70483,61.661,11.318,37.375,24.287,-26.056,-50.343
1001,97,17887,78366,152.227,47.581,51.153,101.075,-3.572,-104.646
1001,98,9083,69562,55.072,43.299,43.317,11.755,-0.018,-11.773
1001,99,10456,70935,248.495,46.049,51.393,197.102,-5.343,-202.446
1001,100,5928,66407,47.365,44.985,47.958,-0.593,-2.973,-2.38
1001,101,16141,76620,2.061,-2.289,20.879,-18.818,-23.168,-4.35
1001,102,11493,71972,71.928,27.374,29.731,42.197,-2.357,-44.554
1001,103,2594,63073,45.538,48.226,44.517,1.021,3.709,2.688
1001,104,14194,74673,140.557,31.175,30.487,110.07,0.688,-109.382
1001,105,11233,71712,182.124,53.371,54.019,128.104,-0.649,-128.753
1001,106,15945,76424,30.639,33.911,47.427,-16.789,-13.516,3.273
1001,107,2699,63178,70.025,42.51,55.57,14.455,-13.06,-27.514
1001,108,10980,71459,85.881,42.19,42.438,43.443,-0.248,-43.69
1001,109,4068,64547,164.811,41.203,51.323,113.487,-10.121,-123.608
1001,110,18840,79319,28.704,32.05,35.414,-6.71,-3.364,3.345
1001,111,16821,77300,206.774,63.147,54.718,152.056,8.429,-143.627
1001,112,18463,78942,25.501,26.909,36.949,-11.448,-10.04,1.408
1001,113,17487,77966,44.88,54.698,62.133,-17.253,-7.435,9.817
1001,114,14664,75143,106.071,41.55,45.701,60.37,-4.151,-64.521
1001,115,10378,70857,80.32,49.61,50.91,29.41,-1.3,-30.71
1001,116,13568,74047,61.142,44.676,49.831,11.31,-5.155,-16.465
1001,117,25223,85702,78.1,54.359,54.973,23.128,-0.614,-23.742
1001,118,15391,75870,93.545,38.668,38.485,55.059,0.182,-54.877
1001,119,19259,79738,33.024,19.686,39.227,-6.203,-19.541,-13.338
1001,120,24629,85108,66.556,37.484,35.794,30.762,1.69,-29.072
1001,121,629,61108,40.841,30.367,36.19,4.65,-5.823,-10.473
1001,122,15144,75623,50.435,-5.809,27.029,23.406,-32.838,-56.244
1001,123,2906,63385,137.681,50.237,50.591,87.09,-0.353,-87.444
1001,124,1909,62388,24.624,20.976,31.941,-7.317,-10.965,-3.648
1001,125,6650,67129,69.134,35.707,36.085,33.05,-0.378,-33.428
1001,126,12086,72565,124.351,43.056,57.756,66.594,-14.701,-81.295
1001,127,13858,74337,90.419,54.103,55.744,34.675,-1.64,-36.316
1001,128,3214,63693,89.145,47.761,56.474,32.671,-8.713,-41.384
1001,129,9305,69784,45.677,13.287,26.836,18.842,-13.549,-32.39
1001,130,22322,82801,28.209,51.197,44.726,-16.517,6.471,22.988
1001,131,14334,74813,140.305,44.625,40.294,100.011,4.331,-95.68
1001,132,7722,68201,34.514,19.619,32.893,1.621,-13.274,-14.895
1001,133,13605,74084,57.219,31.537,31.44,25.779,0.097,-25.681
1001,134,14975,75454,25.762,17.768,23.313,2.449,-5.545,-7.993
1001,135,23932,84411,37.485,31.831,28.239,9.246,3.592,-5.655
1001,136,22395,82874,30.25,45.47,36.06,-5.81,9.411,15.22
1001,137,17043,77522,45.166,38.149,45.194,-0.028,-7.045,-7.017
1001,138,10393,70872,120.194,56.72,52.927,67.267,3.793,-63.474
1001,139,21190,81669,71.061,1.028,27.813,43.248,-26.785,-70.033
1001,140,13992,74471,27.119,26.825,28.992,-1.873,-2.167,-0.294
1001,141,8076,68555,56.445,30.502,39.508,16.937,-9.006,-25.943
1001,142,15368,75847,56.392,37.779,36.514,19.878,1.265,-18.613
1001,143,14477,74956,297.93,48.2,46.934,250.996,1.265,-249.731
1001,144,22927,83406,37.673,40.875,37.771,-0.098,3.104,3.202
1001,145,24912,85391,28.917,27.157,29.308,-0.391,-2.151,-1.76
1001,146,5342,65821,68.447,38.362,41.362,27.085,-3.0,-30.085
1001,147,18738,79217,27.983,34.997,34.323,-6.34,0.674,7.015
1001,148,8585,69064,69.372,40.17,40.071,29.301,0.099,-29.202
1001,149,4923,65402,38.335,36.184,34.29,4.044,1.894,-2.15
1001,150,23159,83638,54.573,36.938,39.879,14.695,-2.94,-17.635
1001,151,13206,73685,78.862,43.406,49.146,29.716,-5.74,-35.456
1001,152,6628,67107,157.585,32.15,35.941,121.644,-3.791,-125.436
1001,153,3282,63761,28.322,37.792,60.59,-32.268,-22.798,9.47
1001,154,9741,70220,84.183,34.238,40.891,43.292,-6.653,-49.944
1001,155,9875,70354,146.809,38.305,54.561,92.248,-16.255,-108.504
1001,156,22624,83103,55.527,35.007,37.428,18.099,-2.421,-20.52
1001,157,17149,77628,25.182,0.405,32.561,-7.379,-32.156,-24.777
1001,158,20124,80603,29.7,33.291,32.178,-2.479,1.112,3.591
1001,159,6779,67258,29.21,32.388,27.545,1.665,4.843,3.178
1001,160,12414,72893,213.821,55.073,62.104,151.718,-7.03,-158.748
1001,161,17223,77702,71.076,50.909,52.241,18.835,-1.332,-20.166
1001,162,11383,71862,44.414,45.44,36.996,7.419,8.444,1.026
1001,163,8495,68974,106.237,23.368,35.057,71.18,-11.688,-82.868
1001,164,15371,75850,63.181,37.627,35.742,27.438,1.885,-25.553
1001,165,16722,77201,159.79,45.896,39.563,120.227,6.333,-113.894
1001,166,17742,78221,69.298,43.448,57.554,11.744,-14.106,-25.85
1001,167,12261,72740,186.851,58.17,54.945,131.906,3.225,-128.681
1001,168,592,61071,34.13,40.62,44.057,-9.927,-3.437,6.49
1001,169,14248,74727,103.844,31.359,44.188,59.656,-12.828,-72.485
1001,170,20353,80832,13.043,4.186,21.922,-8.88,-17.736,-8.857
1001,171,24976,85455,32.597,36.438,32.858,-0.261,3.58,3.842
1001,172,15730,76209,56.704,50.201,51.286,5.419,-1.085,-6.503
1001,173,20121,80600,29.606,33.649,28.358,1.248,5.291,4.043
1001,174,2932,63411,69.465,42.758,47.098,22.367,-4.34,-26.707
1001,175,12942,73421,33.734,28.405,32.179,1.555,-3.774,-5.329
1001,176,3857,64336,105.665,37.508,42.851,62.814,-5.343,-68.157
1001,177,10920,71399,48.521,23.952,30.819,17.701,-6.867,-24.569
1001,178,563,61042,57.358,44.585,43.907,13.452,0.679,-12.773
1001,179,21309,81788,48.117,34.597,45.91,2.207,-11.313,-13.52
1001,180,17372,77851,107.049,35.071,52.521,54.529,-17.45,-71.978
1001,181,2608,63087,48.917,40.4,34.407,14.511,5.994,-8.517
1001,182,21313,81792,38.657,37.812,46.495,-7.838,-8.683,-0.845
1001,183,18998,79477,68.349,33.01,44.632,23.718,-11.622,-35.339
1001,184,14873,75352,89.206,41.062,28.996,60.209,12.065,-48.144
1001,185,17797,78276,40.633,44.397,48.891,-8.258,-4.494,3.764
1001,186,20521,81000,45.968,21.831,42.556,3.412,-20.725,-24.137
1001,187,20554,81033,53.9,54.281,65.518,-11.617,-11.236,0.381
1001,188,4714,65193,85.869,44.332,39.982,45.886,4.35,-41.537
1001,189,688,61167,18.097,21.33,39.842,-21.745,-18.512,3.233
1001,190,9172,69651,103.641,44.964,53.664,49.976,-8.7,-58.677
1001,191,6866,67345,45.793,39.346,39.334,6.459,0.012,-6.447
1001,192,16123,76602,10.322,7.339,20.775,-10.453,-13.436,-2.983
1001,193,20652,81131,39.249,44.875,42.526,-3.277,2.349,5.627
1001,194,12953,73432,23.312,16.091,24.227,-0.915,-8.137,-7.222
1001,195,373,60852,37.972,34.915,44.912,-6.941,-9.997,-3.057
1001,196,17524,78003,22.223,30.799,30.885,-8.662,-0.086,8.576
1001,197,8741,69220,47.945,43.77,45.327,2.618,-1.557,-4.175
1001,198,3489,63968,138.432,35.166,41.043,97.389,-5.877,-103.266
1001,199,14161,74640,21.314,27.703,29.394,-8.08,-1.69,6.39
1001,200,4221,64700,65.394,45.628,45.256,20.138,0.372,-19.766
1001,201,5415,65894,81.822,37.524,45.993,35.829,-8.469,-44.298
1001,202,10427,70906,94.329,45.741,46.236,48.093,-0.495,-48.588
1001,203,1628,62107,91.556,42.347,42.174,49.382,0.173,-49.209
1001,204,10828,71307,55.558,37.788,40.2,15.358,-2.412,-17.77
1001,205,6088,66567,31.989,31.113,31.833,0.157,-0.719,-0.876
1001,206,8505,68984,40.638,23.432,34.729,5.909,-11.298,-17.207
1001,207,11006,71485,105.811,45.826,51.502,54.309,-5.676,-59.985
1001,208,5038,65517,16.095,-4.57,24.382,-8.287,-28.953,-20.666
1001,209,8009,68488,117.957,46.812,49.073,68.884,-2.26,-71.144
1001,210,18146,78625,53.212,49.074,42.281,10.931,6.793,-4.138
1001,211,21667,82146,27.882,33.473,42.951,-15.069,-9.478,5.591
1001,212,22315,82794,51.698,50.991,46.924,4.773,4.066,-0.707
1001,213,2904,63383,138.33,49.672,50.109,88.221,-0.437,-88.657
1001,214,14254,74733,98.538,42.255,52.061,46.478,-9.805,-56.283
1001,215,4188,64667,145.814,37.15,37.334,108.48,-0.183,-108.663
1001,216,7288,67767,49.311,47.952,39.807,9.504,8.145,-1.359
1001,217,708,61187,19.725,10.658,28.381,-8.656,-17.723,-9.068
1001,218,4305,64784,37.59,24.278,27.025,10.566,-2.747,-13.312
1001,219,18227,78706,79.067,25.889,47.868,31.199,-21.979,-53.178
1001,220,10724,71203,63.901,21.509,46.199,17.702,-24.69,-42.392
1001,221,7540,68019,33.781,47.588,50.398,-16.617,-2.81,13.807
1001,222,16885,77364,136.293,41.008,50.978,85.315,-9.97,-95.285
1001,223,8850,69329,146.465,47.674,47.459,99.005,0.215,-98.791
1001,224,8594,69073,60.488,40.278,37.986,22.503,2.292,-20.211
1001,225,9122,69601,57.017,49.665,44.04,12.977,5.625,-7.352
1001,226,23391,83870,33.948,33.303,32.749,1.198,0.554,-0.645
1001,227,2295,62774,29.927,46.919,37.996,-8.069,8.923,16.992
1001,228,16088,76567,30.478,13.12,29.802,0.676,-16.683,-17.358
1001,229,2009,62488,27.59,37.368,31.628,-4.037,5.741,9.778
1001,230,24405,84884,100.721,49.502,45.886,54.834,3.615,-51.219
1001,231,9913,70392,87.122,46.934,44.243,42.879,2.691,-40.188
1001,232,18812,79291,13.898,9.088,66.671,-52.772,-57.583,-4.811
1001,233,12263,72742,178.947,63.885,56.854,122.094,7.032,-115.062
1001,234,342,60821,123.634,43.085,42.749,80.885,0.336,-80.549
1001,235,9250,69729,73.732,51.457,50.273,23.459,1.184,-22.274
1001,236,21473,81952,21.843,18.663,55.904,-34.061,-37.242,-3.181
1001,237,2890,63369,104.93,55.813,56.256,48.674,-0.442,-49.117
1001,238,20867,81346,42.782,44.216,44.854,-2.071,-0.638,1.434
1001,239,17113,77592,25.863,27.238,33.259,-7.396,-6.021,1.375
1001,240,21250,81729,50.336,63.525,61.283,-10.948,2.242,13.189
1001,241,11651,72130,121.279,48.144,40.791,80.489,7.353,-73.135
1001,242,16686,77165,68.229,29.831,39.219,29.01,-9.388,-38.398
1001,243,22674,83153,77.701,49.357,51.932,25.769,-2.575,-28.344
1001,244,20834,81313,38.87,41.748,37.209,1.661,4.539,2.878
1001,245,18833,79312,21.201,23.307,37.884,-16.683,-14.578,2.106
1001,246,13012,73491,98.805,50.432,51.464,47.341,-1.032,-48.373
1001,247,4748,65227,62.179,50.577,36.259,25.92,14.318,-11.602
1001,248,8539,69018,111.195,53.041,43.192,68.003,9.849,-58.154
1001,249,6190,66669,118.218,49.437,46.496,71.722,2.941,-68.781
1001,250,5852,66331,48.905,47.355,43.045,5.86,4.31,-1.55
1001,251,11586,72065,24.233,9.954,24.776,-0.544,-14.823,-14.279
1001,252,9240,69719,81.279,48.16,41.831,39.448,6.329,-33.119
1001,253,7688,68167,85.583,36.123,40.25,45.333,-4.127,-49.46
1001,254,13744,74223,152.7,45.803,34.66,118.04,11.143,-106.897
1001,255,24277,84756,44.045,53.26,55.807,-11.762,-2.547,9.215
1001,256,2079,62558,26.803,22.109,29.122,-2.319,-7.014,-4.695
1001,257,10570,71049,46.4,30.696,35.084,11.316,-4.387,-15.703
1001,258,599,61078,34.227,40.911,42.945,-8.719,-2.034,6.684
1001,259,4599,65078,79.686,45.306,40.608,39.079,4.698,-34.381
1001,260,10276,70755,85.723,40.559,40.125,45.598,0.434,-45.164
1001,261,11182,71661,106.256,25.482,25.898,80.358,-0.416,-80.774
1001,262,7778,68257,34.413,-25.94,17.516,16.897,-43.456,-60.353
1001,263,19084,79563,42.501,48.328,41.713,0.787,6.615,5.828
1001,264,5384,65863,91.901,46.295,50.983,40.918,-4.688,-45.606
1001,265,16004,76483,28.166,28.899,32.817,-4.652,-3.918,0.734
1001,266,9108,69587,73.26,50.738,46.547,26.713,4.192,-22.521
1001,267,20180,80659,44.449,49.217,48.353,-3.904,0.864,4.768
1001,268,511,60990,43.103,43.213,44.1,-0.997,-0.887,0.11
1001,269,14122,74601,14.123,16.835,24.382,-10.258,-7.547,2.711
1001,270,25084,85563,34.129,26.646,24.869,9.26,1.777,-7.483
1001,271,24285,84764,49.157,57.314,56.893,-7.737,0.42,8.157
1001,272,14462,74941,225.436,50.162,44.696,180.74,5.466,-175.274
1001,273,10015,70494,115.427,7.139,36.22,79.207,-29.081,-108.288
1001,274,21180,81659,44.019,10.263,30.564,13.455,-20.301,-33.757
1001,275,25286,85765,30.695,34.287,35.826,-5.131,-1.539,3.592
1001,276,22122,82601,49.828,53.121,54.703,-4.875,-1.582,3.293
1001,277,16995,77474,38.737,35.018,39.255,-0.518,-4.237,-3.719
1001,278,8093,68572,89.827,32.472,40.281,49.545,-7.809,-57.354
1001,279,19486,79965,189.385,50.365,53.479,135.906,-3.114,-139.019
1001,280,10807,71286,54.805,33.034,40.322,14.483,-7.289,-21.772
1001,281,5522,66001,115.179,57.17,54.197,60.982,2.973,-58.009
1001,282,10504,70983,48.364,50.295,60.551,-12.187,-10.256,1.931
1001,283,21965,82444,26.842,26.431,27.762,-0.92,-1.332,-0.412
1001,284,20519,80998,52.142,25.225,43.312,8.831,-18.087,-26.917
1001,285,304,60783,152.876,54.684,52.128,100.747,2.555,-98.192
1001,286,22917,83396,31.226,32.227,35.758,-4.532,-3.531,1.001
1001,287,18815,79294,26.612,23.426,84.481,-57.869,-61.056,-3.187
1001,288,25501,85980,26.661,25.065,33.521,-6.86,-8.456,-1.596
1001,289,11799,72278,37.929,-7.831,16.318,21.611,-24.148,-45.76
1001,290,22357,82836,43.769,54.899,42.545,1.224,12.354,11.13
1001,291,21847,82326,30.861,33.557,30.482,0.379,3.074,2.696
1001,292,12975,73454,29.426,25.941,31.264,-1.839,-5.324,-3.485
1001,293,17226,77705,76.856,51.196,53.212,23.644,-2.016,-25.66
1001,294,21333,81812,37.6,33.805,50.754,-13.154,-16.949,-3.795
1001,295,6525,67004,96.251,44.088,44.2,52.051,-0.111,-52.163
1001,296,6743,67222,48.409,52.705,40.921,7.489,11.784,4.295
1001,297,4356,64835,51.527,26.898,29.184,22.342,-2.287,-24.629
1001,298,8606,69085,77.758,47.592,41.893,35.865,5.699,-30.166
1001,299,9997,70476,40.065,13.92,36.088,3.977,-22.167,-26.145
1002,0,15639,76118,134.317,104.786,54.459,79.858,50.327,-29.532
1002,1,9847,70326,115.203,40.769,48.161,67.043,-7.392,-74.435
1002,2,20082,80561,32.738,33.818,44.483,-11.745,-10.664,1.081
1002,3,9236,69715,133.127,40.517,40.811,92.315,-0.295,-92.61
1002,4,23135,83614,98.328,49.003,43.26,55.068,5.743,-49.325
1002,5,19332,79811,117.531,55.673,50.616,66.915,5.058,-61.857
1002,6,15822,76301,98.384,73.479,64.65,33.733,8.828,-24.905
1002,7,10071,70550,48.516,10.417,37.203,11.313,-26.786,-38.099
1002,8,19799,80278,49.875,45.861,71.168,-21.293,-25.308,-4.015
1002,9,8717,69196,44.607,43.625,41.391,3.216,2.234,-0.982
1002,10,1526,62005,153.204,64.61,49.973,103.231,14.636,-88.594
1002,11,14349,74828,162.02,50.544,45.628,116.391,4.916,-111.475
1002,12,9277,69756,132.187,24.687,34.952,97.234,-10.265,-107.5
1002,13,4841,65320,163.071,40.613,42.317,120.755,-1.704,-122.459
1002,14,22031,82510,23.991,22.922,28.072,-4.081,-5.15,-1.069
1002,15,3094,63573,111.677,33.385,36.545,75.132,-3.16,-78.292
1002,16,20478,80957,38.64,40.732,39.897,-1.257,0.835,2.092
1002,17,21730,82209,38.789,37.486,66.999,-28.21,-29.513,-1.304
1002,18,23552,84031,29.718,35.387,34.099,-4.381,1.289,5.67
1002,19,10413,70892,123.215,38.751,44.293,78.923,-5.542,-84.464
1002,20,12143,72622,20.966,-13.999,27.26,-6.293,-41.259,-34.966
1002,21,24019,84498,37.348,44.732,49.694,-12.346,-4.962,7.384
1002,22,4576,65055,64.931,43.043,43.95,20.982,-0.907,-21.889
1002,23,8996,69475,100.959,36.432,39.88,61.079,-3.449,-64.527
1002,24,22843,83322,37.834,38.967,42.468,-4.634,-3.502,1.133
1002,25,9463,69942,297.9,47.25,48.702,249.198,-1.452,-250.651
1002,26,14474,74953,383.971,49.142,49.908,334.063,-0.767,-334.83
1002,27,25594,86073,46.197,29.142,28.723,17.475,0.42,-17.055
1002,28,11858,72337,25.693,-11.462,30.501,-4.808,-41.963,-37.155
1002,29,7320,67799,70.614,29.894,32.758,37.856,-2.864,-40.72
1002,30,17486,77965,47.27,44.18,62.444,-15.173,-18.264,-3.09
1002,31,829,61308,168.307,92.223,71.389,96.919,20.835,-76.084
1002,32,2021,62500,41.188,35.954,24.796,16.393,11.158,-5.235
1002,33,73,60552,168.918,116.4,53.098,115.82,63.302,-52.518
1002,34,7522,68001,33.514,26.859,64.573,-31.059,-37.714,-6.655
1002,35,21129,81608,35.883,36.597,58.363,-22.48,-21.767,0.713
1002,36,19496,79975,144.79,50.114,54.996,89.795,-4.881,-94.676
1002,37,3726,64205,118.91,47.533,48.756,70.154,-1.224,-71.377
1002,38,16448,76927,55.073,12.544,49.601,5.472,-37.057,-42.529
1002,39,3992,64471,96.832,37.56,40.197,56.635,-2.637,-59.272
1002,40,9305,69784,48.75,9.768,26.836,21.914,-17.068,-38.982
1002,41,6523,67002,72.401,46.91,43.464,28.937,3.445,-25.491
1002,42,3247,63726,65.49,24.352,50.555,14.935,-26.203,-41.138
1002,43,19584,80063,31.726,33.339,53.66,-21.934,-20.32,1.613
1002,44,9074,69553,95.503,72.854,47.576,47.927,25.278,-22.649
1002,45,8603,69082,53.048,45.416,41.512,11.536,3.904,-7.632
1002,46,21793,82272,41.536,38.216,42.776,-1.239,-4.559,-3.32
1002,47,564,61043,80.633,45.994,43.026,37.606,2.968,-34.639
1002,48,9207,69686,88.448,21.482,34.557,53.89,-13.075,-66.966
1002,49,1938,62417,33.231,31.854,35.632,-2.401,-3.778,-1.377
1002,50,8837,69316,264.77,47.806,48.294,216.476,-0.488,-216.964
1002,51,15371,75850,75.766,36.443,35.742,40.024,0.7,-39.323
1002,52,12346,72825,77.435,47.598,45.456,31.979,2.142,-29.837
1002,53,614,61093,35.651,41.583,40.277,-4.626,1.306,5.932
1002,54,22221,82700,28.734,36.575,36.279,-7.545,0.295,7.84
1002,55,6102,66581,29.272,32.456,30.63,-1.358,1.826,3.184
1002,56,20547,81026,50.944,52.478,65.464,-14.52,-12.987,1.534
1002,57,3458,63937,58.003,29.72,45.801,12.202,-16.082,-28.283
1002,58,12254,72733,179.508,41.231,51.888,127.62,-10.657,-138.277
1002,59,5469,65948,151.836,47.132,44.03,107.806,3.102,-104.704
1002,60,6875,67354,80.436,41.994,38.062,42.374,3.932,-38.442
1002,61,18506,78985,26.447,31.284,39.433,-12.986,-8.149,4.837
1002,62,21982,82461,27.79,34.694,28.391,-0.601,6.303,6.904
1002,63,23967,84446,23.827,23.553,27.439,-3.612,-3.886,-0.274
1002,64,11408,71887,58.129,26.598,25.139,32.99,1.459,-31.531
1002,65,6379,66858,31.877,39.079,37.537,-5.66,1.542,7.202
1002,66,5494,65973,95.539,27.291,38.312,57.227,-11.021,-68.248
1002,67,10469,70948,200.608,86.797,57.542,143.066,29.255,-113.811
1002,68,7054,67533,27.503,31.735,29.393,-1.889,2.342,4.232
1002,69,15633,76112,100.287,91.482,50.898,49.389,40.584,-8.805
1002,70,9119,69598,103.046,42.776,43.432,59.614,-0.656,-60.27
1002,71,3474,63953,131.531,70.384,46.918,84.613,23.466,-61.147
1002,72,14575,75054,282.52,85.69,45.753,236.767,39.937,-196.83
1002,73,7800,68279,125.178,27.239,48.761,76.418,-21.522,-97.94
1002,74,24140,84619,69.02,32.67,38.064,30.957,-5.394,-36.351
1002,75,19328,79807,113.152,53.718,52.533,60.619,1.185,-59.434
1002,76,24414,84893,77.383,40.836,52.892,24.491,-12.056,-36.547
1002,77,10671,71150,432.332,47.279,55.996,376.336,-8.717,-385.053
1002,78,2489,62968,49.469,47.921,48.077,1.392,-0.156,-1.548
1002,79,8982,69461,53.011,38.556,36.925,16.086,1.631,-14.455
1002,80,12329,72808,56.443,33.831,47.548,8.895,-13.717,-22.612
1002,81,14573,75052,261.601,70.207,45.728,215.872,24.479,-191.393
1002,82,13566,74045,71.151,53.404,49.87,21.282,3.534,-17.748
1002,83,12083,72562,118.383,34.426,51.043,67.34,-16.617,-83.957
1002,84,13578,74057,68.188,46.966,50.062,18.126,-3.096,-21.222
1002,85,22440,82919,30.979,30.412,31.334,-0.356,-0.922,-0.567
1002,86,13335,73814,131.405,25.919,33.832,97.573,-7.913,-105.486
1002,87,17492,77971,40.307,33.729,64.357,-24.05,-30.628,-6.577
1002,88,17523,78002,30.877,32.786,31.914,-1.037,0.872,1.909
1002,89,11961,72440,196.457,103.309,53.688,142.769,49.62,-93.149
1002,90,16573,77052,64.958,4.987,28.595,36.363,-23.608,-59.971
1002,91,10636,71115,38.327,35.328,37.609,0.718,-2.281,-2.999
1002,92,2003,62482,32.918,40.072,35.329,-2.411,4.743,7.154
1002,93,3775,64254,46.887,37.71,37.283,9.605,0.427,-9.178
1002,94,20417,80896,44.204,42.138,58.359,-14.155,-16.22,-2.066
1002,95,18339,78818,31.681,35.594,35.833,-4.153,-0.239,3.914
1002,96,4019,64498,133.875,42.594,45.754,88.12,-3.16,-91.281
1002,97,6729,67208,51.203,37.124,46.524,4.679,-9.399,-14.078
1002,98,10039,70518,68.523,20.363,35.139,33.384,-14.777,-48.16
1002,99,464,60943,197.502,57.329,48.618,148.884,8.711,-140.173
1002,100,1949,62428,29.863,29.592,35.597,-5.734,-6.004,-0.27
1002,101,3691,64170,83.544,67.583,56.674,26.869,10.909,-15.96
1002,102,842,61321,110.756,84.335,79.23,31.525,5.105,-26.421
1002,103,16458,76937,109.936,11.152,43.689,66.248,-32.537,-98.784
1002,104,23454,83933,26.652,30.394,35.58,-8.928,-5.186,3.742
1002,105,11094,71573,157.808,31.935,39.951,117.858,-8.016,-125.874
1002,106,18713,79192,58.6,35.675,36.672,21.928,-0.997,-22.925
1002,107,9078,69557,75.722,57.012,46.792,28.93,10.22,-18.71
1002,108,23977,84456,29.609,28.884,35.608,-5.999,-6.724,-0.726
1002,109,16115,76594,12.214,12.536,28.206,-15.992,-15.671,0.322
1002,110,7057,67536,24.579,31.357,29.838,-5.259,1.519,6.778
1002,111,1498,61977,154.732,54.391,53.214,101.518,1.177,-100.341
1002,112,24226,84705,68.11,41.748,46.48,21.63,-4.732,-26.362
1002,113,5297,65776,146.946,47.917,41.41,105.536,6.507,-99.029
1002,114,6219,66698,38.632,37.523,36.956,1.675,0.567,-1.108
1002,115,3533,64012,98.676,43.302,48.388,50.288,-5.086,-55.374
1002,116,10240,70719,139.042,83.127,53.605,85.437,29.522,-55.915
1002,117,1213,61692,77.1,48.013,56.33,20.771,-8.317,-29.087
1002,118,7603,68082,62.029,18.346,25.696,36.333,-7.35,-43.682
1002,119,8365,68844,127.46,47.066,43.765,83.695,3.301,-80.394
1002,120,17591,78070,79.282,99.127,60.541,18.741,38.586,19.844
1002,121,16839,77318,236.241,77.773,58.81,177.431,18.963,-158.468
1002,122,761,61240,59.671,-4.622,35.63,24.041,-40.251,-64.293
1002,123,24885,85364,44.395,30.381,25.526,18.869,4.855,-14.014
1002,124,16332,76811,8.521,34.143,24.438,-15.918,9.704,25.622
1002,125,25382,85861,73.772,39.159,40.894,32.878,-1.735,-34.613
1002,126,20507,80986,46.514,34.876,45.881,0.633,-11.005,-11.637
1002,127,57,60536,233.403,213.096,57.338,176.065,155.758,-20.306
1002,128,4049,64528,74.647,43.645,47.028,27.619,-3.383,-31.002
1002,129,21692,82171,23.016,22.697,37.305,-14.289,-14.609,-0.319
1002,130,4611,65090,50.227,40.323,39.117,11.11,1.206,-9.904
1002,131,24695,85174,31.784,31.693,38.118,-6.335,-6.425,-0.09
1002,132,20371,80850,31.124,26.829,39.776,-8.652,-12.947,-4.295
1002,133,8341,68820,166.32,61.634,54.353,111.968,7.281,-104.686
1002,134,4531,65010,50.241,35.731,39.907,10.334,-4.176,-14.51
1002,135,20188,80667,40.097,44.468,42.91,-2.813,1.558,4.371
1002,136,5126,65605,95.556,74.831,53.289,42.267,21.542,-20.725
1002,137,13529,74008,179.055,52.447,45.223,133.831,7.223,-126.608
1002,138,18240,78719,41.873,15.724,52.952,-11.079,-37.228,-26.149
1002,139,6634,67113,192.535,32.227,36.1,156.436,-3.873,-160.308
1002,140,16982,77461,38.285,29.637,37.603,0.681,-7.967,-8.648
1002,141,18335,78814,32.189,36.174,35.592,-3.403,0.582,3.985
1002,142,8213,68692,81.828,53.589,49.552,32.276,4.037,-28.239
1002,143,20458,80937,36.512,34.94,50.07,-13.558,-15.129,-1.572
1002,144,16492,76971,250.305,51.277,54.531,195.773,-3.254,-199.028
1002,145,11849,72328,27.078,-7.857,20.834,6.244,-28.691,-34.935
1002,146,2526,63005,71.854,42.018,42.682,29.172,-0.664,-29.836
1002,147,8095,68574,99.796,31.872,39.631,60.165,-7.759,-67.924
1002,148,22397,82876,31.071,31.956,31.638,-0.567,0.318,0.885
1002,149,10474,70953,154.808,65.748,56.076,98.732,9.672,-89.059
1002,150,6501,66980,60.896,51.395,45.687,15.209,5.708,-9.501
1002,151,21646,82125,35.202,40.108,58.977,-23.774,-18.869,4.905
1002,152,13229,73708,83.196,35.842,40.133,43.063,-4.291,-47.354
1002,153,12406,72885,256.887,43.917,58.341,198.546,-14.423,-212.969
1002,154,10636,71115,38.327,35.328,37.609,0.718,-2.281,-2.999
1002,155,11512,71991,128.638,11.388,22.534,106.103,-11.147,-117.25
1002,156,19781,80260,39.802,38.808,58.131,-18.329,-19.323,-0.993
1002,157,18857,79336,29.911,32.417,41.329,-11.418,-8.912,2.506
1002,158,18316,78795,34.828,37.707,34.448,0.38,3.259,2.879
1002,159,17833,78312,121.606,57.274,51.597,70.009,5.678,-64.332
1002,160,1927,62406,33.409,28.23,33.545,-0.136,-5.315,-5.179
1002,161,25180,85659,102.585,47.38,47.616,54.969,-0.236,-55.205
1002,162,20911,81390,46.784,48.037,49.15,-2.366,-1.113,1.253
1002,163,17267,77746,55.479,23.888,42.195,13.284,-18.307,-31.591
1002,164,20951,81430,39.009,40.475,51.996,-12.987,-11.521,1.466
1002,165,20845,81324,35.382,31.481,40.069,-4.687,-8.588,-3.901
1002,166,43,60522,258.78,105.96,53.433,205.347,52.527,-152.82
1002,167,21728,82207,38.789,36.436,66.665,-27.876,-30.229,-2.354
1002,168,15179,75658,104.539,-4.263,36.197,68.342,-40.46,-108.802
1002,169,17707,78186,95.708,49.223,54.191,41.517,-4.968,-46.485
1002,170,15410,75889,96.241,30.339,36.89,59.351,-6.55,-65.901
1002,171,16532,77011,88.765,15.191,41.92,46.845,-26.73,-73.575
1002,172,24430,84909,65.944,46.43,53.026,12.917,-6.597,-19.514
1002,173,1002,61481,102.763,22.216,41.037,61.726,-18.822,-80.547
1002,174,16990,77469,29.404,24.694,37.293,-7.889,-12.599,-4.71
1002,175,8494,68973,107.421,22.102,35.198,72.222,-13.096,-85.319
1002,176,17094,77573,29.766,27.545,32.728,-2.963,-5.183,-2.221
1002,177,1203,61682,124.982,56.479,58.443,66.539,-1.964,-68.503
1002,178,24019,84498,37.348,44.732,49.694,-12.346,-4.962,7.384
1002,179,11021,71500,110.289,53.682,49.632,60.658,4.05,-56.608
1002,180,13714,74193,140.889,41.888,43.538,97.351,-1.649,-99.0
1002,181,19730,80209,58.003,34.332,53.785,4.217,-19.453,-23.671
1002,182,10194,70673,168.839,122.077,60.801,108.038,61.276,-46.762
1002,183,13749,74228,220.162,41.736,37.581,182.581,4.155,-178.427
1002,184,10154,70633,260.258,37.621,46.649,213.61,-9.028,-222.637
1002,185,16890,77369,102.269,53.358,51.635,50.634,1.724,-48.911
1002,186,13408,73887,58.812,43.779,47.61,11.202,-3.831,-15.032
1002,187,16065,76544,65.772,24.618,29.878,35.895,-5.26,-41.155
1002,188,2643,63122,177.11,38.884,53.58,123.53,-14.697,-138.226
1002,189,4549,65028,59.504,42.402,42.586,16.917,-0.184,-17.101
1002,190,13900,74379,65.564,27.177,36.094,29.471,-8.916,-38.387
1002,191,24844,85323,23.315,30.766,23.387,-0.072,7.379,7.451
1002,192,16949,77428,31.347,31.362,35.774,-4.427,-4.411,0.015
1002,193,9628,70107,32.96,36.839,35.432,-2.472,1.407,3.879
1002,194,10916,71395,65.069,30.599,31.078,33.991,-0.479,-34.469
1002,195,9924,70403,65.905,60.423,40.324,25.582,20.099,-5.483
1002,196,9031,69510,264.58,81.04,60.045,204.535,20.996,-183.539
1002,197,5464,65943,124.79,58.873,44.561,80.229,14.312,-65.918
1002,198,18945,79424,9.341,20.481,31.557,-22.216,-11.076,11.14
1002,199,1657,62136,80.487,40.631,38.352,42.135,2.279,-39.856
1002,200,8201,68680,122.132,48.558,46.104,76.027,2.454,-73.573
1002,201,14044,74523,128.163,46.573,72.965,55.199,-26.392,-81.59
1002,202,24553,85032,30.082,34.141,38.519,-8.437,-4.378,4.06
1002,203,22055,82534,29.391,29.434,29.498,-0.106,-0.064,0.043
1002,204,9265,69744,95.386,44.645,46.343,49.043,-1.698,-50.741
1002,205,11995,72474,93.885,-1.335,42.913,50.972,-44.248,-95.219
1002,206,23603,84082,27.718,27.691,35.585,-7.867,-7.894,-0.027
1002,207,3027,63506,104.461,33.515,40.811,63.65,-7.296,-70.946
1002,208,21100,81579,36.477,43.614,64.372,-27.895,-20.758,7.137
1002,209,23068,83547,28.64,37.515,42.355,-13.715,-4.841,8.875
1002,210,16908,77387,56.511,47.955,52.534,3.977,-4.579,-8.556
1002,211,6201,66680,95.962,42.592,42.066,53.896,0.526,-53.37
1002,212,18617,79096,39.12,40.931,73.325,-34.205,-32.394,1.812
1002,213,15161,75640,89.53,15.845,31.13,58.4,-15.285,-73.685
1002,214,17441,77920,44.378,57.337,39.095,5.283,18.242,12.959
1002,215,3201,63680,130.352,37.596,53.432,76.92,-15.836,-92.756
1002,216,23439,83918,27.628,34.721,34.853,-7.225,-0.132,7.093
1002,217,12969,73448,37.128,20.844,30.862,6.266,-10.018,-16.284
1002,218,15425,75904,60.406,32.588,38.216,22.19,-5.628,-27.818
1002,219,7576,68055,88.681,28.868,25.39,63.291,3.478,-59.813
1002,220,21218,81697,111.886,41.511,47.773,64.113,-6.262,-70.374
1002,221,16781,77260,152.323,24.14,50.957,101.366,-26.817,-128.183
1002,222,21535,82014,226.777,43.945,43.393,183.384,0.552,-182.832
1002,223,839,61318,161.149,144.184,78.783,82.366,65.401,-16.965
1002,224,11341,71820,62.253,35.99,34.65,27.603,1.34,-26.263
1002,225,1670,62149,106.623,37.325,39.003,67.62,-1.678,-69.298
1002,226,12521,73000,124.244,40.54,44.788,79.456,-4.248,-83.704
1002,227,345,60824,109.349,30.572,42.666,66.684,-12.094,-78.778
1002,228,8607,69086,62.436,49.757,42.773,19.663,6.984,-12.679
1002,229,20285,80764,40.095,33.718,29.921,10.174,3.797,-6.377
1002,230,14984,75463,124.923,25.615,25.32,99.604,0.295,-99.308
1002,231,2857,63336,64.102,25.21,39.665,24.437,-14.455,-38.892
1002,232,6046,66525,53.321,39.338,32.906,20.415,6.432,-13.983
1002,233,25621,86100,33.136,31.249,30.992,2.145,0.258,-1.887
1002,234,14339,74818,146.346,38.385,39.896,106.451,-1.511,-107.962
1002,235,5075,65554,50.973,-2.544,26.684,24.289,-29.228,-53.517
1002,236,12524,73003,94.787,38.38,43.242,51.546,-4.862,-56.407
1002,237,4529,65008,42.675,34.801,39.806,2.868,-5.005,-7.874
1002,238,10346,70825,219.862,101.09,52.637,167.225,48.453,-118.773
1002,239,8969,69448,112.705,32.918,34.65,78.055,-1.732,-79.787
1002,240,19485,79964,203.567,40.228,53.535,150.032,-13.306,-163.339
1002,241,21855,82334,31.708,34.72,29.411,2.297,5.309,3.012
1002,242,6953,67432,134.862,31.245,28.76,106.103,2.485,-103.617
1002,243,9733,70212,75.301,37.265,41.703,33.598,-4.439,-38.037
1002,244,16587,77066,164.862,35.805,34.27,130.592,1.535,-129.057
1002,245,8006,68485,113.605,47.416,49.302,64.304,-1.885,-66.189
1002,246,21244,81723,66.732,64.004,77.975,-11.243,-13.971,-2.728
1002,247,549,61028,91.049,47.203,44.273,46.777,2.93,-43.846
1002,248,13877,74356,89.178,42.463,50.614,38.564,-8.151,-46.715
1002,249,7595,68074,86.014,18.29,24.209,61.805,-5.919,-67.724
1002,250,9256,69735,96.014,52.424,48.323,47.691,4.102,-43.589
1002,251,9719,70198,62.862,44.053,42.335,20.527,1.719,-18.808
1002,252,16463,76942,116.391,18.074,49.159,67.232,-31.085,-98.317
1002,253,7673,68152,54.818,42.35,48.605,6.213,-6.255,-12.468
1002,254,13475,73954,118.304,31.933,52.737,65.567,-20.804,-86.371
1002,255,16864,77343,118.82,73.033,55.98,62.84,17.053,-45.787
1002,256,18707,79186,75.061,37.891,38.523,36.538,-0.632,-37.17
1002,257,13327,73806,129.443,25.72,32.319,97.125,-6.598,-103.723
1002,258,17917,78396,160.559,50.272,50.639,109.921,-0.367,-110.288
1002,259,1754,62233,30.315,14.364,49.515,-19.201,-35.152,-15.951
1002,260,15199,75678,279.278,98.046,47.887,231.391,50.159,-181.232
1002,261,15989,76468,26.368,26.808,31.857,-5.489,-5.049,0.44
1002,262,19546,80025,32.839,29.361,37.695,-4.856,-8.334,-3.478
1002,263,22218,82697,29.139,38.48,30.794,-1.655,7.686,9.341
1002,264,22579,83058,28.072,27.413,44.311,-16.239,-16.898,-0.659
1002,265,291,60770,192.94,51.521,49.817,143.123,1.704,-141.419
1002,266,24786,85265,52.753,41.851,39.635,13.118,2.216,-10.902
1002,267,19442,79921,32.51,35.814,45.84,-13.33,-10.027,3.304
1002,268,7345,67824,90.352,29.418,32.383,57.97,-2.965,-60.935
1002,269,19675,80154,132.118,38.492,78.845,53.273,-40.353,-93.626
1002,270,9383,69862,108.579,29.361,36.062,72.518,-6.701,-79.218
1002,271,17202,77681,41.701,34.601,45.279,-3.578,-10.677,-7.099
1002,272,6418,66897,37.056,32.244,39.748,-2.692,-7.504,-4.812
1002,273,788,61267,22.196,-1.987,40.69,-18.495,-42.677,-24.183
1002,274,7494,67973,153.486,46.058,57.362,96.124,-11.304,-107.428
1002,275,7578,68057,97.698,27.499,25.659,72.04,1.84,-70.199
1002,276,12744,73223,96.352,35.39,51.989,44.363,-16.599,-60.962
1002,277,3381,63860,32.174,25.611,26.824,5.35,-1.213,-6.563
1002,278,8505,68984,53.361,17.674,34.729,18.632,-17.055,-35.687
1002,279,11849,72328,27.078,-7.857,20.834,6.244,-28.691,-34.935
1002,280,23906,84385,34.681,30.972,27.01,7.671,3.962,-3.709
1002,281,7717,68196,34.063,27.369,37.988,-3.926,-10.619,-6.693
1002,282,14517,74996,41.667,30.697,43.943,-2.276,-13.246,-10.971
1002,283,4572,65051,47.619,45.371,43.219,4.401,2.153,-2.248
1002,284,10835,71314,110.615,39.399,40.357,70.258,-0.958,-71.216
1002,285,25431,85910,27.596,30.775,33.497,-5.902,-2.723,3.179
1002,286,6168,66647,209.858,56.996,52.441,157.417,4.555,-152.863
1002,287,22728,83207,80.255,53.377,48.234,32.021,5.143,-26.878
1002,288,18393,78872,24.991,30.806,29.944,-4.953,0.862,5.815
1002,289,6751,67230,55.294,33.009,36.015,19.279,-3.005,-22.284
1002,290,7072,67551,48.858,36.455,32.687,16.17,3.768,-12.403
1002,291,14965,75444,79.56,20.774,19.627,59.932,1.147,-58.786
1002,292,8178,68657,201.854,61.564,45.3,156.554,16.264,-140.29
1002,293,1362,61841,85.834,36.542,33.414,52.42,3.128,-49.292
1002,294,13288,73767,143.715,35.838,31.691,112.024,4.147,-107.877
1002,295,20862,81341,44.456,44.456,45.041,-0.585,-0.585,0.0
1002,296,15139,75618,34.128,20.174,27.696,6.432,-7.521,-13.954
1002,297,19975,80454,30.88,31.843,32.61,-1.73,-0.766,0.964
1002,298,25712,86191,28.063,40.955,42.232,-14.169,-1.278,12.892
1002,299,5126,65605,95.556,74.831,53.289,42.267,21.542,-20.725
1003,0,7675,68154,55.821,44.374,47.2,8.621,-2.825,-11.447
1003,1,4855,65334,137.276,39.36,42.155,95.122,-2.794,-97.916
1003,2,15076,75555,222.519,34.235,41.178,181.342,-6.942,-188.284
1003,3,6638,67117,150.288,35.492,35.664,114.624,-0.172,-114.796
1003,4,7328,67807,46.284,33.411,31.669,14.615,1.742,-12.873
1003,5,12791,73270,134.589,29.882,38.196,96.393,-8.314,-104.707
1003,6,22432,82911,27.269,27.653,27.669,-0.4,-0.015,0.385
1003,7,17087,77566,26.5,34.717,38.822,-12.323,-4.105,8.217
1003,8,20680,81159,75.103,48.805,42.796,32.306,6.009,-26.298
1003,9,19448,79927,31.484,33.592,54.939,-23.455,-21.347,2.108
1003,10,12082,72561,86.766,29.608,52.895,33.871,-23.287,-57.158
1003,11,18698,79177,54.903,40.662,36.373,18.53,4.289,-14.241
1003,12,5478,65957,117.964,39.673,36.623,81.341,3.049,-78.292
1003,13,8803,69282,93.181,37.11,44.702,48.479,-7.592,-56.071
1003,14,16347,76826,3.181,17.63,22.207,-19.027,-4.578,14.449
1003,15,15451,75930,59.795,35.029,29.362,30.433,5.666,-24.767
1003,16,12553,73032,48.295,30.743,38.681,9.615,-7.938,-17.553
1003,17,25098,85577,66.406,35.088,25.945,40.462,9.143,-31.318
1003,18,6524,67003,62.385,46.759,43.647,18.737,3.111,-15.626
1003,19,18274,78753,35.546,39.538,53.691,-18.146,-14.154,3.992
1003,20,23818,84297,32.203,38.05,31.723,0.48,6.328,5.848
1003,21,5612,66091,78.822,65.533,62.59,16.231,2.942,-13.289
1003,22,10060,70539,105.828,20.236,38.021,67.806,-17.786,-85.592
1003,23,3638,64117,41.784,37.735,38.172,3.612,-0.436,-4.049
1003,24,13762,74241,58.057,41.171,38.54,19.517,2.631,-16.885
1003,25,18287,78766,41.252,46.078,45.654,-4.403,0.423,4.826
1003,26,5061,65540,69.204,-7.325,20.647,48.557,-27.973,-76.53
1003,27,22313,82792,48.576,49.154,45.912,2.664,3.242,0.578
1003,28,24757,85236,68.899,51.243,61.031,7.868,-9.788,-17.657
1003,29,10072,70551,64.977,18.385,37.263,27.714,-18.878,-46.591
1003,30,10,60489,191.363,51.87,49.261,142.102,2.609,-139.493
1003,31,2967,63446,63.424,47.599,46.224,17.2,1.374,-15.826
1003,32,15375,75854,52.828,46.339,36.668,16.161,9.671,-6.489
1003,33,13849,74328,150.734,54.239,57.373,93.362,-3.134,-96.496
1003,34,24157,84636,122.704,48.123,50.693,72.012,-2.569,-74.581
1003,35,13654,74133,154.925,45.43,45.478,109.447,-0.048,-109.495
1003,36,11556,72035,37.781,14.2,30.25,7.53,-16.05,-23.581
1003,37,21458,81937,28.165,18.915,50.205,-22.04,-31.29,-9.25
1003,38,15397,75876,60.354,38.483,33.949,26.405,4.534,-21.871
1003,39,2828,63307,108.669,16.294,25.82,82.849,-9.526,-92.375
1003,40,8703,69182,38.745,39.764,39.418,-0.673,0.346,1.019
1003,41,25086,85565,26.057,31.794,24.737,1.32,7.057,5.737
1003,42,18023,78502,193.564,46.285,38.667,154.897,7.618,-147.279
1003,43,18395,78874,25.723,30.292,30.621,-4.898,-0.329,4.569
1003,44,6417,66896,29.15,32.218,39.471,-10.321,-7.253,3.068
1003,45,2197,62676,38.002,44.786,43.124,-5.122,1.662,6.784
1003,46,15643,76122,99.953,58.487,51.942,48.011,6.545,-41.466
1003,47,21657,82136,31.127,34.682,47.177,-16.05,-12.495,3.555
1003,48,6951,67430,35.227,32.093,29.948,5.279,2.145,-3.134
1003,49,12345,72824,74.017,48.409,45.795,28.223,2.614,-25.608
1003,50,9774,70253,66.043,30.478,43.868,22.174,-13.39,-35.564
1003,51,18526,79005,15.925,19.963,30.274,-14.349,-10.311,4.038
1003,52,1763,62242,84.269,45.447,58.204,26.066,-12.757,-38.822
1003,53,13100,73579,90.936,45.863,48.718,42.218,-2.855,-45.073
1003,54,759,61238,42.845,1.618,34.151,8.694,-32.533,-41.227
1003,55,3492,63971,142.239,35.592,41.829,100.41,-6.237,-106.647
1003,56,24528,85007,38.652,46.745,44.848,-6.196,1.897,8.092
1003,57,23265,83744,28.602,37.415,31.382,-2.78,6.033,8.812
1003,58,4338,64817,27.4,23.071,23.871,3.529,-0.8,-4.33
1003,59,4113,64592,50.923,46.796,57.508,-6.585,-10.711,-4.126
1003,60,18480,78959,32.267,32.368,31.176,1.091,1.192,0.101
1003,61,9164,69643,107.372,43.362,56.714,50.658,-13.352,-64.009
1003,62,20649,81128,46.826,44.883,45.011,1.814,-0.128,-1.943
1003,63,13416,73895,38.086,42.247,43.257,-5.171,-1.01,4.161
1003,64,8877,69356,151.991,54.273,54.733,97.258,-0.46,-97.718
1003,65,9687,70166,100.059,49.556,47.442,52.618,2.115,-50.503
1003,66,8157,68636,178.019,53.64,47.734,130.285,5.906,-124.379
1003,67,14627,75106,64.706,50.841,55.381,9.325,-4.54,-13.865
1003,68,2307,62786,32.996,42.426,35.445,-2.449,6.981,9.43
1003,69,24079,84558,12.82,25.737,25.539,-12.72,0.197,12.917
1003,70,10026,70505,29.306,17.191,36.498,-7.192,-19.307,-12.115
1003,71,3774,64253,47.244,43.279,37.08,10.164,6.2,-3.964
1003,72,1507,61986,157.04,56.053,53.723,103.316,2.33,-100.986
1003,73,15329,75808,108.627,35.032,38.772,69.854,-3.74,-73.595
1003,74,22283,82762,176.158,58.967,44.845,131.313,14.123,-117.191
1003,75,4780,65259,111.913,36.049,32.154,79.76,3.895,-75.865
1003,76,209,60688,56.926,41.333,50.429,6.497,-9.097,-15.593
1003,77,18224,78703,57.675,22.038,48.118,9.557,-26.08,-35.637
1003,78,14366,74845,54.561,45.621,39.966,14.595,5.654,-8.941
1003,79,16479,76958,79.325,34.219,48.688,30.637,-14.469,-45.105
1003,80,5960,66439,29.573,32.322,35.247,-5.674,-2.925,2.749
1003,81,7973,68452,114.833,48.854,47.656,67.177,1.198,-65.979
1003,82,11775,72254,70.842,27.793,25.743,45.099,2.049,-43.05
1003,83,7940,68419,86.624,44.352,45.627,40.997,-1.276,-42.272
1003,84,4362,64841,53.753,35.218,28.853,24.9,6.365,-18.535
1003,85,8523,69002,51.164,32.601,38.134,13.03,-5.533,-18.563
1003,86,20415,80894,46.251,46.042,57.824,-11.573,-11.782,-0.209
1003,87,15301,75780,69.24,42.249,43.66,25.58,-1.412,-26.992
1003,88,20686,81165,124.801,48.255,43.184,81.617,5.071,-76.546
1003,89,4875,65354,50.843,42.006,45.191,5.652,-3.185,-8.837
1003,90,25742,86221,41.603,44.33,48.817,-7.214,-4.487,2.727
1003,91,25362,85841,50.278,37.609,38.884,11.394,-1.275,-12.669
1003,92,13173,73652,45.16,48.599,51.486,-6.326,-2.887,3.438
1003,93,11695,72174,28.387,28.14,30.026,-1.639,-1.886,-0.247
1003,94,21824,82303,37.178,39.89,44.846,-7.668,-4.957,2.712
1003,95,1233,61712,81.305,47.547,54.937,26.368,-7.39,-33.759
1003,96,21012,81491,37.148,35.521,45.465,-8.318,-9.945,-1.627
1003,97,19501,79980,111.215,53.195,55.246,55.969,-2.05,-58.019
1003,98,25139,85618,295.549,36.515,33.588,261.961,2.927,-259.034
1003,99,24536,85015,35.561,43.289,45.348,-9.787,-2.059,7.728
1003,100,767,61246,53.616,1.439,37.732,15.883,-36.294,-52.177
1003,101,24199,84678,78.072,55.625,60.362,17.71,-4.737,-22.447
1003,102,12299,72778,159.641,50.365,54.297,105.345,-3.931,-109.276
1003,103,6604,67083,177.489,41.683,35.518,141.971,6.165,-135.806
1003,104,15780,76259,102.545,38.069,48.409,54.136,-10.34,-64.475
1003,105,5706,66185,80.862,53.795,58.025,22.838,-4.229,-27.067
1003,106,8300,68779,81.215,41.927,45.131,36.084,-3.204,-39.288
1003,107,17058,77537,24.955,27.594,43.276,-18.321,-15.683,2.638
1003,108,7697,68176,47.837,21.386,32.985,14.852,-11.599,-26.451
1003,109,24919,85398,31.105,30.212,28.551,2.554,1.661,-0.893
1003,110,17373,77852,148.84,43.447,52.465,96.375,-9.018,-105.393
1003,111,1176,61655,147.919,31.632,46.219,101.699,-14.587,-116.286
1003,112,4137,64616,46.777,43.997,44.935,1.842,-0.938,-2.78
1003,113,25441,85920,29.328,34.234,36.959,-7.631,-2.725,4.906
1003,114,24308,84787,47.856,50.996,57.906,-10.05,-6.91,3.14
1003,115,798,61277,47.024,31.511,55.79,-8.766,-24.279,-15.513
1003,116,24850,85329,22.593,31.329,22.193,0.4,9.136,8.736
1003,117,25144,85623,311.101,38.276,36.263,274.837,2.013,-272.824
1003,118,13549,74028,150.566,45.902,49.161,101.405,-3.259,-104.664
1003,119,9045,69524,229.708,49.276,52.353,177.355,-3.077,-180.432
1003,120,11534,72013,118.605,14.707,27.874,90.731,-13.167,-103.898
1003,121,10453,70932,263.066,47.643,50.451,212.615,-2.808,-215.423
1003,122,18761,79240,6.593,18.754,32.926,-26.333,-14.172,12.161
1003,123,17103,77582,27.004,36.276,30.487,-3.483,5.789,9.272
1003,124,9440,69919,98.639,48.272,45.013,53.627,3.26,-50.367
1003,125,13095,73574,85.669,48.24,46.262,39.406,1.978,-37.428
1003,126,23410,83889,33.566,36.125,36.332,-2.766,-0.207,2.559
1003,127,14081,74560,70.656,36.628,59.431,11.225,-22.803,-34.028
1003,128,3704,64183,65.67,50.421,58.248,7.421,-7.827,-15.249
1003,129,4128,64607,50.188,40.131,46.829,3.359,-6.698,-10.058
1003,130,3840,64319,52.614,42.485,34.967,17.646,7.518,-10.128
1003,131,8798,69277,64.192,37.08,42.495,21.697,-5.415,-27.112
1003,132,10889,71368,132.039,23.198,26.378,105.661,-3.18,-108.841
1003,133,15105,75584,72.534,21.575,36.056,36.479,-14.481,-50.96
1003,134,22636,83115,115.06,38.289,44.139,70.921,-5.85,-76.771
1003,135,21335,81814,39.4,37.52,51.158,-11.758,-13.638,-1.88
1003,136,19082,79561,41.994,47.759,40.097,1.897,7.662,5.765
1003,137,3780,64259,46.135,45.124,38.143,7.992,6.98,-1.012
1003,138,10061,70540,111.99,18.008,37.017,74.973,-19.009,-93.982
1003,139,10230,70709,247.568,56.759,52.918,194.65,3.841,-190.809
1003,140,4712,65191,59.904,35.011,37.886,22.017,-2.876,-24.893
1003,141,8508,68987,40.357,24.58,36.738,3.619,-12.158,-15.777
1003,142,19634,80113,34.011,9.307,63.352,-29.341,-54.046,-24.705
1003,143,8854,69333,179.617,49.923,47.127,132.49,2.796,-129.694
1003,144,21739,82218,40.282,42.902,61.864,-21.581,-18.961,2.62
1003,145,935,61414,75.724,40.264,42.09,33.634,-1.826,-35.46
1003,146,17103,77582,27.004,36.276,30.487,-3.483,5.789,9.272
1003,147,15667,76146,66.712,42.224,36.125,30.587,6.099,-24.488
1003,148,16328,76807,11.269,32.599,28.436,-17.167,4.163,21.33
1003,149,9075,69554,89.83,50.647,47.493,42.338,3.154,-39.183
1003,150,18862,79341,30.251,33.092,40.169,-9.918,-7.077,2.841
1003,151,1779,62258,100.782,45.751,44.064,56.718,1.686,-55.031
1003,152,23884,84363,29.211,39.432,25.492,3.719,13.94,10.221
1003,153,3917,64396,48.371,51.761,46.698,1.673,5.063,3.39
1003,154,7105,67584,44.056,-0.045,26.64,17.416,-26.685,-44.101
1003,155,8108,68587,92.791,28.866,37.372,55.419,-8.506,-63.925
1003,156,16938,77417,21.264,24.071,34.268,-13.003,-10.196,2.807
1003,157,12050,72529,73.335,22.201,53.847,19.488,-31.646,-51.134
1003,158,6430,66909,40.655,35.651,39.766,0.889,-4.115,-5.004
1003,159,20389,80868,41.88,41.13,53.905,-12.025,-12.775,-0.75
1003,160,19068,79547,36.139,41.288,46.368,-10.229,-5.081,5.149
1003,161,18631,79110,37.862,42.331,64.717,-26.855,-22.386,4.469
1003,162,23919,84398,27.132,30.803,25.46,1.672,5.343,3.672
1003,163,1204,61683,99.935,48.299,56.7,43.236,-8.401,-51.636
1003,164,19096,79575,62.811,47.309,41.148,21.662,6.16,-15.502
1003,165,10,60489,191.363,51.87,49.261,142.102,2.609,-139.493
1003,166,17722,78201,76.779,49.793,61.214,15.565,-11.421,-26.986
1003,167,23053,83532,33.138,38.47,42.613,-9.475,-4.143,5.331
1003,168,4264,64743,30.129,39.258,34.983,-4.854,4.275,9.129
1003,169,4392,64871,69.821,39.041,37.713,32.108,1.328,-30.78
1003,170,19042,79521,92.05,55.55,54.481,37.569,1.069,-36.5
1003,171,19760,80239,42.916,46.084,51.324,-8.408,-5.24,3.169
1003,172,17331,77810,85.828,38.574,38.437,47.391,0.137,-47.253
1003,173,14707,75186,39.577,41.819,50.733,-11.156,-8.914,2.242
1003,174,16587,77066,148.412,23.414,34.27,114.142,-10.856,-124.999
1003,175,19729,80208,54.677,39.276,53.751,0.926,-14.474,-15.401
1003,176,3427,63906,22.991,23.183,36.591,-13.6,-13.408,0.192
1003,177,5135,65614,47.941,48.417,48.233,-0.292,0.184,0.476
1003,178,2576,63055,96.136,46.769,45.531,50.605,1.238,-49.367
1003,179,13633,74112,90.145,33.221,33.571,56.573,-0.35,-56.924
1003,180,24796,85275,41.022,44.695,39.102,1.92,5.593,3.673
1003,181,17498,77977,42.329,44.375,63.483,-21.154,-19.108,2.046
1003,182,17007,77486,35.646,38.621,42.554,-6.909,-3.933,2.975
1003,183,18974,79453,9.49,-4.365,28.73,-19.24,-33.095,-13.855
1003,184,15404,75883,67.323,34.841,34.258,33.065,0.582,-32.483
1003,185,21454,81933,36.054,18.529,49.208,-13.154,-30.678,-17.525
1003,186,21245,81724,62.685,65.038,75.738,-13.054,-10.7,2.353
1003,187,22889,83368,30.824,37.847,34.841,-4.017,3.006,7.023
1003,188,14407,74886,60.805,39.109,37.245,23.561,1.864,-21.697
1003,189,24044,84523,34.456,37.787,33.417,1.04,4.37,3.33
1003,190,3760,64239,60.847,48.956,42.797,18.05,6.159,-11.891
1003,191,3369,63848,28.987,27.154,30.106,-1.119,-2.952,-1.833
1003,192,1628,62107,91.389,43.014,42.174,49.215,0.84,-48.374
1003,193,6724,67203,49.459,47.482,49.046,0.413,-1.563,-1.976
1003,194,2271,62750,45.49,43.79,45.552,-0.062,-1.762,-1.7
1003,195,7336,67815,46.066,30.303,29.109,16.957,1.194,-15.764
1003,196,9003,69482,91.52,48.411,46.63,44.891,1.781,-43.11
1003,197,11937,72416,248.537,112.646,49.286,199.251,63.36,-135.891
1003,198,19986,80465,34.383,35.469,36.309,-1.926,-0.84,1.086
1003,199,22154,82633,32.408,37.333,33.174,-0.766,4.158,4.924
1003,200,7043,67522,30.05,37.12,29.787,0.264,7.334,7.07
1003,201,25360,85839,51.539,35.118,37.253,14.287,-2.134,-16.421
1003,202,5977,66456,26.776,32.73,34.895,-8.118,-2.165,5.954
1003,203,8611,69090,44.671,53.196,45.72,-1.049,7.476,8.525
1003,204,18391,78870,25.524,30.014,28.913,-3.389,1.101,4.489
1003,205,21230,81709,60.46,59.466,70.68,-10.219,-11.214,-0.994
1003,206,19034,79513,98.452,52.93,55.524,42.928,-2.594,-45.522
1003,207,23075,83554,26.54,37.76,38.521,-11.981,-0.76,11.221
1003,208,4690,65169,38.656,19.6,31.232,7.424,-11.632,-19.056
1003,209,12714,73193,140.022,35.255,60.375,79.647,-25.12,-104.767
1003,210,15782,76261,111.265,40.294,49.319,61.946,-9.024,-70.97
1003,211,2116,62595,120.517,44.052,59.771,60.747,-15.719,-76.466
1003,212,22349,82828,33.181,47.109,39.943,-6.762,7.166,13.928
1003,213,17273,77752,37.717,21.589,41.828,-4.112,-20.239,-16.128
1003,214,21606,82085,76.02,48.963,51.936,24.085,-2.973,-27.057
1003,215,15321,75800,100.926,36.22,38.658,62.268,-2.438,-64.706
1003,216,20293,80772,27.324,30.8,28.009,-0.684,2.791,3.476
1003,217,8894,69373,229.082,38.559,39.762,189.32,-1.203,-190.523
1003,218,1740,62219,45.19,19.555,41.61,3.581,-22.055,-25.636
1003,219,23023,83502,42.876,43.622,51.412,-8.536,-7.79,0.746
1003,220,17069,77548,18.735,20.45,43.07,-24.334,-22.62,1.714
1003,221,13744,74223,180.463,41.274,34.66,145.803,6.614,-139.189
1003,222,5448,65927,70.972,39.204,39.865,31.107,-0.661,-31.768
1003,223,1109,61588,23.615,26.657,29.39,-5.775,-2.733,3.042
1003,224,1125,61604,20.652,27.685,29.121,-8.469,-1.437,7.033
1003,225,24371,84850,116.7,56.624,55.259,61.441,1.365,-60.077
1003,226,7666,68145,90.447,47.619,48.375,42.073,-0.755,-42.828
1003,227,22610,83089,31.85,32.27,37.65,-5.8,-5.38,0.42
1003,228,8857,69336,244.815,46.6,47.823,196.992,-1.223,-198.215
1003,229,2038,62517,19.659,24.014,20.617,-0.959,3.396,4.355
1003,230,14878,75357,90.271,36.538,30.349,59.922,6.189,-53.733
1003,231,10578,71057,28.821,32.006,32.637,-3.816,-0.631,3.185
1003,232,4790,65269,119.707,34.622,32.662,87.045,1.961,-85.084
1003,233,6380,66859,32.663,42.598,37.045,-4.381,5.554,9.935
1003,234,25492,85971,27.138,27.513,28.635,-1.497,-1.122,0.375
1003,235,8390,68869,61.58,47.596,37.662,23.917,9.934,-13.984
1003,236,6502,66981,62.394,51.34,44.35,18.044,6.99,-11.054
1003,237,10077,70556,30.421,15.851,37.127,-6.706,-21.276,-14.57
1003,238,14363,74842,64.2,46.349,40.769,23.432,5.58,-17.851
1003,239,3384,63863,22.538,31.334,28.292,-5.754,3.042,8.796
1003,240,10521,71000,38.155,39.879,37.685,0.471,2.194,1.724
1003,241,22297,82776,161.28,57.643,46.822,114.458,10.821,-103.638
1003,242,15214,75693,172.832,74.069,42.811,130.022,31.258,-98.764
1003,243,17495,77974,41.448,44.867,66.371,-24.923,-21.504,3.419
1003,244,22365,82844,34.779,42.547,42.775,-7.996,-0.229,7.768
1003,245,6735,67214,42.909,47.302,43.444,-0.535,3.858,4.393
1003,246,9764,70243,142.514,33.492,46.024,96.49,-12.532,-109.022
1003,247,9081,69560,76.171,46.421,43.522,32.65,2.899,-29.751
1003,248,13810,74289,25.218,18.577,31.93,-6.712,-13.353,-6.641
1003,249,5577,66056,196.888,40.217,66.149,130.739,-25.932,-156.671
1003,250,9788,70267,88.726,40.709,47.564,41.162,-6.855,-48.017
1003,251,6804,67283,28.564,33.134,49.997,-21.433,-16.863,4.57
1003,252,7710,68189,32.092,17.02,30.674,1.418,-13.654,-15.072
1003,253,9720,70199,53.394,46.854,41.88,11.514,4.974,-6.54
1003,254,1257,61736,132.802,47.705,57.635,75.167,-9.93,-85.096
1003,255,4896,65375,113.619,37.147,39.165,74.454,-2.019,-76.473
1003,256,12038,72517,163.388,15.85,51.285,112.103,-35.435,-147.538
1003,257,6881,67360,31.647,39.702,33.597,-1.951,6.104,8.055
1003,258,6896,67375,26.806,40.75,33.288,-6.482,7.462,13.944
1003,259,10446,70925,308.574,40.122,41.307,267.267,-1.185,-268.453
1003,260,5721,66200,149.881,43.186,46.05,103.831,-2.864,-106.695
1003,261,6361,66840,38.937,47.778,42.285,-3.347,5.494,8.841
1003,262,16555,77034,21.768,6.54,32.612,-10.844,-26.072,-15.228
1003,263,12137,72616,28.961,7.283,27.615,1.346,-20.332,-21.678
1003,264,4990,65469,90.089,42.883,33.822,56.267,9.061,-47.206
1003,265,23386,83865,34.313,34.097,33.563,0.749,0.533,-0.216
1003,266,19837,80316,85.825,48.866,54.692,31.133,-5.826,-36.959
1003,267,6140,66619,144.48,42.909,51.917,92.562,-9.009,-101.571
1003,268,20552,81031,48.019,53.982,66.054,-18.035,-12.072,5.963
1003,269,24291,84770,40.854,52.263,54.025,-13.171,-1.762,11.409
1003,270,10027,70506,23.639,16.986,35.604,-11.964,-18.618,-6.653
1003,271,5594,66073,97.381,33.878,66.095,31.285,-32.218,-63.503
1003,272,18133,78612,64.116,50.537,45.314,18.802,5.223,-13.579
1003,273,7426,67905,109.952,45.066,38.271,71.681,6.795,-64.886
1003,274,17500,77979,40.929,42.407,60.781,-19.852,-18.373,1.478
1003,275,11859,72338,23.206,-13.297,30.735,-7.529,-44.031,-36.503
1003,276,2745,63224,73.928,44.869,45.28,28.648,-0.411,-29.059
1003,277,20959,81438,40.359,47.94,48.872,-8.513,-0.931,7.582
1003,278,8161,68640,127.86,55.483,49.554,78.306,5.929,-72.377
1003,279,21832,82311,35.56,38.389,43.9,-8.341,-5.511,2.83
1003,280,6092,66571,32.414,31.631,31.723,0.691,-0.092,-0.783
1003,281,19296,79775,72.603,51.544,52.681,19.923,-1.136,-21.059
1003,282,18194,78673,54.378,48.671,59.514,-5.136,-10.843,-5.707
1003,283,3697,64176,71.497,49.533,58.003,13.494,-8.47,-21.964
1003,284,24765,85244,61.784,50.675,60.631,1.153,-9.955,-11.108
1003,285,5456,65935,78.239,36.699,39.022,39.217,-2.322,-41.54
1003,286,17815,78294,66.972,43.869,47.616,19.355,-3.748,-23.103
1003,287,5481,65960,104.883,34.908,35.159,69.724,-0.251,-69.975
1003,288,10634,71113,33.485,34.254,37.297,-3.811,-3.042,0.769
1003,289,9873,70352,140.756,37.368,54.164,86.592,-16.795,-103.387
1003,290,18627,79106,38.175,42.566,66.188,-28.013,-23.623,4.39
1003,291,81,60560,262.0,91.074,57.202,204.798,33.872,-170.926
1003,292,24309,84788,47.332,50.395,57.216,-9.884,-6.82,3.064
1003,293,9721,70200,48.821,45.852,41.068,7.752,4.783,-2.969
1003,294,4821,65300,91.973,51.682,44.533,47.44,7.149,-40.291
1003,295,12149,72628,16.398,3.109,31.498,-15.1,-28.389,-13.289
1003,296,4383,64862,75.721,38.133,40.231,35.49,-2.098,-37.588
1003,297,4390,64869,83.801,39.34,38.409,45.392,0.93,-44.461
1003,298,14937,75416,31.31,30.48,24.897,6.413,5.583,-0.83
1003,299,11405,71884,25.463,34.395,25.308,0.155,9.088,8.932
1004,0,18800,79279,0.686,-10.584,43.55,-42.864,-54.134,-11.27
1004,1,22,60501,198.4,80.981,52.425,145.976,28.557,-117.419
1004,2,3094,63573,83.325,38.788,36.545,46.78,2.243,-44.537
1004,3,3365,63844,25.058,19.121,30.759,-5.701,-11.639,-5.937
1004,4,5008,65487,78.726,36.456,28.85,49.876,7.606,-42.27
1004,5,3580,64059,58.616,48.857,43.051,15.565,5.806,-9.759
1004,6,19630,80109,38.429,-0.072,62.621,-24.192,-62.693,-38.501
1004,7,9843,70322,70.844,43.551,37.081,33.763,6.47,-27.293
1004,8,9023,69502,164.364,71.174,58.328,106.035,12.845,-93.19
1004,9,16050,76529,25.037,31.272,29.614,-4.578,1.658,6.235
1004,10,23719,84198,33.281,36.776,31.962,1.32,4.815,3.495
1004,11,21646,82125,35.426,39.941,58.977,-23.551,-19.036,4.515
1004,12,11749,72228,20.712,29.832,23.957,-3.245,5.876,9.12
1004,13,3245,63724,80.962,30.699,50.572,30.39,-19.873,-50.263
1004,14,21183,81662,21.482,33.162,29.919,-8.437,3.243,11.681
1004,15,14493,74972,162.081,41.518,45.982,116.099,-4.464,-120.563
1004,16,8307,68786,95.714,33.854,48.146,47.568,-14.292,-61.86
1004,17,7091,67570,33.889,20.193,26.698,7.191,-6.506,-13.697
1004,18,10909,71388,77.308,33.615,29.484,47.824,4.131,-43.693
1004,19,21333,81812,32.929,24.374,50.754,-17.825,-26.38,-8.555
1004,20,12526,73005,100.546,37.57,41.77,58.775,-4.2,-62.976
1004,21,16595,77074,94.534,36.359,36.628,57.906,-0.269,-58.175
1004,22,18768,79247,10.001,15.113,32.973,-22.972,-17.861,5.112
1004,23,5552,66031,55.503,53.027,48.209,7.294,4.818,-2.476
1004,24,12110,72589,69.625,35.475,32.957,36.668,2.518,-34.15
1004,25,1047,61526,35.563,29.124,48.229,-12.666,-19.106,-6.44
1004,26,12698,73177,138.188,9.162,42.471,95.717,-33.309,-129.026
1004,27,12710,73189,158.024,27.74,57.612,100.413,-29.872,-130.284
1004,28,1933,62412,27.371,30.426,34.634,-7.262,-4.207,3.055
1004,29,8396,68875,121.582,43.951,44.188,77.394,-0.237,-77.631
1004,30,7944,68423,81.455,46.698,46.362,35.093,0.336,-34.757
1004,31,24961,85440,34.014,38.627,32.661,1.353,5.966,4.613
1004,32,17111,77590,29.815,34.996,32.985,-3.17,2.011,5.181
1004,33,20159,80638,34.67,36.29,34.033,0.637,2.257,1.62
1004,34,17659,78138,27.822,26.713,40.275,-12.453,-13.562,-1.109
1004,35,19571,80050,29.192,34.506,58.0,-28.808,-23.493,5.315
1004,36,1412,61891,23.013,32.224,31.176,-8.163,1.048,9.211
1004,37,25775,86254,36.777,37.44,35.074,1.704,2.366,0.662
1004,38,10945,71424,40.432,20.161,31.083,9.349,-10.922,-20.271
1004,39,19923,80402,32.019,34.611,34.574,-2.554,0.038,2.592
1004,40,15784,76263,113.04,44.533,51.374,61.666,-6.841,-68.507
1004,41,19495,79974,134.252,47.456,54.75,79.502,-7.294,-86.796
1004,42,25712,86191,28.996,35.879,42.232,-13.236,-6.353,6.883
1004,43,12998,73477,60.402,37.443,39.03,21.372,-1.588,-22.96
1004,44,25331,85810,34.811,38.941,27.56,7.251,11.381,4.13
1004,45,10078,70557,33.403,20.994,36.399,-2.996,-15.405,-12.409
1004,46,15047,75526,104.676,45.084,46.616,58.061,-1.532,-59.593
1004,47,2262,62741,38.208,40.684,41.604,-3.396,-0.92,2.476
1004,48,25548,86027,37.476,47.771,34.058,3.419,13.714,10.295
1004,49,927,61406,54.727,31.929,41.112,13.615,-9.184,-22.799
1004,50,21033,81512,39.983,46.488,39.223,0.76,7.265,6.505
1004,51,20355,80834,13.954,16.315,22.562,-8.608,-6.246,2.361
1004,52,13383,73862,38.343,34.372,51.802,-13.459,-17.43,-3.97
1004,53,17526,78005,31.297,34.41,29.613,1.684,4.796,3.112
1004,54,20142,80621,30.749,30.209,33.066,-2.317,-2.857,-0.541
1004,55,11439,71918,24.08,29.08,25.303,-1.223,3.778,5.001
1004,56,8587,69066,46.646,36.757,39.004,7.642,-2.246,-9.889
1004,57,5519,65998,157.858,70.764,52.765,105.093,17.999,-87.094
1004,58,24427,84906,78.364,67.441,54.987,23.377,12.454,-10.923
1004,59,20694,81173,110.041,47.497,45.969,64.072,1.528,-62.545
1004,60,4820,65299,101.115,49.532,44.66,56.455,4.872,-51.583
1004,61,3740,64219,72.923,48.617,47.124,25.799,1.493,-24.306
1004,62,12994,73473,63.86,30.585,35.509,28.351,-4.924,-33.275
1004,63,24201,84680,80.548,59.624,60.257,20.291,-0.633,-20.924
1004,64,24,60503,140.01,72.182,52.692,87.318,19.49,-67.828
1004,65,20819,81298,77.98,43.671,35.016,42.965,8.655,-34.31
1004,66,21498,81977,36.147,35.911,47.553,-11.407,-11.643,-0.236
1004,67,15803,76282,83.082,49.718,57.842,25.24,-8.123,-33.364
1004,68,11271,71750,32.644,29.506,35.293,-2.649,-5.787,-3.138
1004,69,8700,69179,39.198,38.909,40.159,-0.961,-1.249,-0.289
1004,70,15288,75767,58.887,43.172,53.199,5.688,-10.027,-15.715
1004,71,10670,71149,392.73,45.295,53.874,338.856,-8.579,-347.435
1004,72,23073,83552,26.687,39.108,38.766,-12.079,0.342,12.421
1004,73,837,61316,143.399,149.902,78.165,65.234,71.738,6.504
1004,74,10724,71203,32.274,15.611,46.199,-13.924,-30.588,-16.663
1004,75,22393,82872,34.14,33.622,46.241,-12.102,-12.62,-0.518
1004,76,14377,74856,45.568,48.313,40.144,5.424,8.169,2.745
1004,77,19214,79693,24.894,29.48,43.048,-18.154,-13.568,4.586
1004,78,7166,67645,61.726,12.939,34.844,26.883,-21.904,-48.787
1004,79,2513,62992,51.399,44.173,43.897,7.502,0.276,-7.226
1004,80,2664,63143,183.472,52.928,56.742,126.73,-3.814,-130.544
1004,81,13681,74160,93.989,41.022,48.331,45.658,-7.31,-52.968
1004,82,292,60771,197.219,54.051,49.924,147.295,4.127,-143.168
1004,83,8558,69037,72.94,24.316,34.731,38.208,-10.415,-48.623
1004,84,16240,76719,29.653,31.198,62.731,-33.077,-31.533,1.544
1004,85,13609,74088,28.426,33.888,32.325,-3.899,1.563,5.462
1004,86,19894,80373,30.832,28.2,35.769,-4.937,-7.569,-2.632
1004,87,15476,75955,27.442,29.869,29.548,-2.106,0.321,2.428
1004,88,6414,66893,30.419,34.245,38.284,-7.864,-4.039,3.826
1004,89,12314,72793,96.324,53.918,49.211,47.113,4.707,-42.406
1004,90,2078,62557,25.509,29.361,28.561,-3.053,0.799,3.852
1004,91,20290,80769,27.809,32.781,28.043,-0.234,4.738,4.973
1004,92,10934,71413,43.069,25.331,35.36,7.709,-10.029,-17.737
1004,93,15157,75636,74.675,29.278,32.259,42.416,-2.981,-45.398
1004,94,92,60571,254.969,88.874,61.026,193.943,27.848,-166.095
1004,95,14834,75313,18.627,17.56,24.244,-5.616,-6.684,-1.067
1004,96,22027,82506,26.054,25.359,27.671,-1.618,-2.312,-0.695
1004,97,17790,78269,32.451,27.991,38.974,-6.523,-10.983,-4.46
1004,98,624,61103,31.357,37.071,36.801,-5.444,0.27,5.714
1004,99,19757,80236,40.321,36.431,49.287,-8.966,-12.856,-3.89
1004,100,6391,66870,34.392,39.733,35.203,-0.811,4.53,5.341
1004,101,10283,70762,109.85,46.047,44.247,65.603,1.8,-63.803
1004,102,12665,73144,32.34,30.759,33.415,-1.075,-2.656,-1.581
1004,103,8308,68787,86.807,34.171,48.194,38.613,-14.023,-52.636
1004,104,20153,80632,32.555,35.252,33.404,-0.849,1.848,2.697
1004,105,15320,75799,103.843,34.925,38.761,65.082,-3.836,-68.918
1004,106,5204,65683,71.257,44.693,47.368,23.89,-2.675,-26.565
1004,107,21653,82132,33.793,38.09,50.094,-16.301,-12.003,4.298
1004,108,6303,66782,48.74,49.945,38.758,9.981,11.187,1.206
1004,109,21826,82305,37.379,40.524,44.969,-7.59,-4.445,3.145
1004,110,19296,79775,78.856,51.667,52.681,26.175,-1.013,-27.189
1004,111,25151,85630,399.8,44.157,38.668,361.132,5.489,-355.643
1004,112,13509,73988,123.767,52.528,51.643,72.124,0.886,-71.239
1004,113,9412,69891,113.945,47.866,48.236,65.71,-0.369,-66.079
1004,114,5544,66023,58.748,56.322,48.367,10.381,7.954,-2.426
1004,115,25464,85943,29.535,39.754,29.133,0.402,10.621,10.219
1004,116,18621,79100,39.264,42.583,71.296,-32.032,-28.713,3.319
1004,117,14767,75246,51.701,37.786,34.081,17.62,3.705,-13.916
1004,118,19719,80198,87.05,34.342,53.306,33.744,-18.964,-52.708
1004,119,171,60650,87.133,72.649,46.529,40.604,26.12,-14.484
1004,120,25716,86195,27.328,38.098,41.895,-14.567,-3.797,10.77
1004,121,7533,68012,28.891,23.514,47.747,-18.856,-24.233,-5.377
1004,122,6120,66599,96.276,29.134,38.39,57.886,-9.256,-67.142
1004,123,11402,71881,23.971,23.876,24.892,-0.921,-1.016,-0.095
1004,124,13615,74094,31.163,34.108,30.878,0.285,3.231,2.946
1004,125,14569,75048,184.634,43.558,44.724,139.91,-1.166,-141.076
1004,126,24948,85427,36.66,41.262,33.105,3.555,8.158,4.602
1004,127,20196,80675,36.234,43.944,41.164,-4.93,2.78,7.711
1004,128,23558,84037,22.864,37.287,35.249,-12.385,2.037,14.423
1004,129,24856,85335,22.267,30.556,21.935,0.333,8.621,8.288
1004,130,24174,84653,142.75,93.861,67.329,75.421,26.532,-48.889
1004,131,17081,77560,28.567,28.076,59.45,-30.884,-31.375,-0.491
1004,132,18725,79204,40.419,45.831,34.833,5.586,10.999,5.412
1004,133,2331,62810,34.059,34.425,34.437,-0.378,-0.012,0.366
1004,134,6482,66961,131.77,49.994,50.654,81.117,-0.66,-81.776
1004,135,12348,72827,51.795,48.698,46.269,5.526,2.429,-3.096
1004,136,5812,66291,54.776,33.701,39.815,14.961,-6.114,-21.075
1004,137,9761,70240,124.094,31.139,45.216,78.878,-14.078,-92.955
1004,138,14138,74617,24.86,28.441,25.923,-1.063,2.518,3.581
1004,139,14391,74870,51.308,36.339,37.153,14.155,-0.814,-14.969
1004,140,2407,62886,16.732,18.772,25.026,-8.294,-6.254,2.04
1004,141,13890,74369,124.13,75.706,45.467,78.664,30.24,-48.424
1004,142,23265,83744,30.774,38.487,31.382,-0.608,7.105,7.713
1004,143,8884,69363,113.157,59.003,48.63,64.527,10.373,-54.154
1004,144,10390,70869,145.375,58.888,52.358,93.017,6.53,-86.487
1004,145,199,60678,77.577,31.018,46.168,31.409,-15.15,-46.56
1004,146,15127,75606,49.002,26.197,29.055,19.947,-2.859,-22.806
1004,147,18497,78976,29.207,31.128,29.435,-0.228,1.693,1.921
1004,148,895,61374,58.919,29.483,46.29,12.628,-16.807,-29.436
1004,149,13898,74377,54.594,31.623,39.181,15.414,-7.558,-22.971
1004,150,13913,74392,39.336,45.881,37.169,2.167,8.712,6.545
1004,151,24169,84648,160.286,76.137,73.33,86.956,2.807,-84.149
1004,152,14085,74564,63.424,42.646,56.686,6.738,-14.04,-20.778
1004,153,24387,84866,115.52,50.596,43.463,72.056,7.132,-64.924
1004,154,2738,63217,67.565,44.204,42.483,25.082,1.722,-23.361
1004,155,22063,82542,30.528,31.654,45.246,-14.719,-13.592,1.126
1004,156,5960,66439,32.205,31.969,35.247,-3.042,-3.278,-0.236
1004,157,6915,67394,29.632,38.588,31.571,-1.939,7.017,8.956
1004,158,9995,70474,19.329,26.793,36.404,-17.075,-9.611,7.464
1004,159,5507,65986,143.474,78.932,45.609,97.865,33.323,-64.542
1004,160,669,61148,28.123,27.667,39.178,-11.055,-11.511,-0.456
1004,161,5282,65761,117.547,48.628,39.726,77.821,8.902,-68.919
1004,162,18737,79216,29.312,41.922,34.39,-5.078,7.531,12.61
1004,163,13637,74116,91.882,39.078,33.568,58.313,5.509,-52.804
1004,164,8047,68526,123.681,66.551,44.16,79.521,22.391,-57.131
1004,165,24749,85228,45.755,55.33,67.844,-22.089,-12.514,9.575
1004,166,17485,77964,46.93,43.014,62.856,-15.926,-19.842,-3.916
1004,167,11946,72425,158.21,120.069,48.714,109.496,71.356,-38.141
1004,168,15337,75816,65.75,38.667,40.906,24.844,-2.239,-27.083
1004,169,3677,64156,57.131,41.708,53.328,3.803,-11.62,-15.423
1004,170,1082,61561,27.687,27.352,32.028,-4.341,-4.676,-0.335
1004,171,14482,74961,249.005,57.968,47.972,201.032,9.996,-191.036
1004,172,9765,70244,138.238,33.42,46.517,91.721,-13.097,-104.819
1004,173,13712,74191,74.105,36.391,42.211,31.894,-5.82,-37.714
1004,174,6074,66553,59.87,50.507,34.586,25.284,15.921,-9.364
1004,175,5474,65953,135.202,40.991,37.666,97.536,3.324,-94.212
1004,176,6227,66706,46.449,41.555,40.481,5.968,1.074,-4.894
1004,177,9792,70271,113.567,39.201,46.296,67.271,-7.095,-74.366
1004,178,22620,83099,42.589,37.129,38.048,4.541,-0.919,-5.46
1004,179,1473,61952,75.991,51.326,56.915,19.077,-5.589,-24.666
1004,180,17850,78329,67.742,54.0,51.888,15.854,2.112,-13.742
1004,181,22698,83177,43.605,43.139,45.956,-2.35,-2.817,-0.466
1004,182,15159,75638,59.069,29.966,32.908,26.161,-2.942,-29.103
1004,183,24867,85346,22.27,30.676,21.407,0.863,9.269,8.406
1004,184,20615,81094,71.296,46.702,50.577,20.719,-3.875,-24.595
1004,185,741,61220,17.249,5.523,27.967,-10.717,-22.443,-11.726
1004,186,1172,61651,153.148,31.884,44.821,108.327,-12.937,-121.263
1004,187,23368,83847,29.636,31.598,31.638,-2.002,-0.039,1.962
1004,188,14835,75314,20.465,17.56,23.46,-2.995,-5.9,-2.905
1004,189,3353,63832,21.068,21.296,27.684,-6.616,-6.388,0.228
1004,190,2427,62906,24.637,20.875,25.407,-0.769,-4.532,-3.763
1004,191,25399,85878,38.729,40.87,32.852,5.877,8.018,2.141
1004,192,11478,71957,84.371,53.2,42.012,42.359,11.188,-31.171
1004,193,11564,72043,24.646,13.172,31.81,-7.164,-18.638,-11.474
1004,194,4319,64798,14.656,25.081,20.456,-5.8,4.625,10.425
1004,195,22784,83263,70.363,52.332,46.112,24.251,6.22,-18.031
1004,196,18053,78532,40.151,31.194,35.25,4.901,-4.056,-8.957
1004,197,14033,74512,91.109,37.902,55.827,35.282,-17.925,-53.207
1004,198,3957,64436,37.615,34.637,37.111,0.504,-2.473,-2.977
1004,199,11558,72037,24.988,12.282,31.836,-6.848,-19.554,-12.706
1004,200,7725,68204,17.945,22.183,29.259,-11.314,-7.075,4.239
1004,201,2441,62920,17.372,24.754,28.703,-11.331,-3.949,7.383
1004,202,16793,77272,171.233,47.267,56.919,114.314,-9.652,-123.966
1004,203,25242,85721,96.434,51.092,49.677,46.757,1.416,-45.342
1004,204,24688,85167,33.573,33.573,39.51,-5.936,-5.936,0.0
1004,205,7168,67647,92.139,14.09,35.376,56.764,-21.286,-78.05
1004,206,1977,62456,27.098,26.136,40.546,-13.448,-14.41,-0.962
1004,207,21792,82271,38.703,40.431,42.667,-3.964,-2.235,1.728
1004,208,18046,78525,96.963,43.048,34.124,62.838,8.924,-53.915
1004,209,5094,65573,78.663,33.332,38.781,39.883,-5.448,-45.331
1004,210,3781,64260,45.056,39.157,38.194,6.861,0.963,-5.898
1004,211,2187,62666,41.243,42.04,41.92,-0.677,0.12,0.798
1004,212,23959,84438,22.08,22.953,22.967,-0.887,-0.014,0.873
1004,213,15309,75788,49.252,38.457,40.93,8.322,-2.472,-10.795
1004,214,6943,67422,68.207,32.111,28.556,39.651,3.555,-36.095
1004,215,4605,65084,41.913,40.953,39.79,2.124,1.163,-0.961
1004,216,11835,72314,-7.677,28.582,14.743,-22.42,13.839,36.26
1004,217,14787,75266,130.658,53.263,46.546,84.112,6.716,-77.396
1004,218,20870,81349,42.835,43.744,45.059,-2.224,-1.315,0.909
1004,219,14951,75430,18.897,21.066,24.672,-5.776,-3.606,2.169
1004,220,20565,81044,59.681,35.296,44.004,15.677,-8.708,-24.385
1004,221,19244,79723,38.218,14.576,38.009,0.209,-23.432,-23.642
1004,222,24423,84902,69.147,60.337,56.537,12.61,3.8,-8.81
1004,223,6936,67415,47.78,33.167,28.298,19.482,4.869,-14.613
1004,224,24344,84823,61.961,48.228,58.633,3.328,-10.405,-13.733
1004,225,20216,80695,33.538,43.889,35.214,-1.676,8.675,10.351
1004,226,21804,82283,38.482,41.52,44.403,-5.921,-2.883,3.038
1004,227,2083,62562,27.047,29.426,30.098,-3.052,-0.672,2.379
1004,228,11087,71566,100.024,37.326,40.044,59.979,-2.718,-62.697
1004,229,21343,81822,67.508,36.863,54.86,12.648,-17.997,-30.645
1004,230,19653,80132,94.625,27.787,83.292,11.333,-55.505,-66.838
1004,231,12006,72485,68.255,5.97,48.574,19.681,-42.605,-62.286
1004,232,19419,79898,30.17,31.467,57.26,-27.09,-25.793,1.297
1004,233,15880,76359,101.375,49.117,47.342,54.033,1.775,-52.259
1004,234,10075,70554,52.814,23.474,36.952,15.862,-13.478,-29.34
1004,235,25527,86006,39.12,40.396,38.909,0.212,1.488,1.276
1004,236,19468,79947,73.961,35.367,53.311,20.651,-17.943,-38.594
1004,237,13839,74318,60.747,44.621,55.466,5.281,-10.845,-16.126
1004,238,15105,75584,86.521,25.136,36.056,50.465,-10.92,-61.385
1004,239,7624,68103,31.662,19.174,34.277,-2.615,-15.103,-12.487
1004,240,12371,72850,74.128,47.021,42.448,31.68,4.573,-27.107
1004,241,11276,71755,26.524,28.548,35.272,-8.748,-6.724,2.024
1004,242,18141,78620,80.279,45.212,47.181,33.098,-1.969,-35.067
1004,243,4758,65237,89.591,28.37,31.791,57.8,-3.421,-61.221
1004,244,13224,73703,93.423,37.406,41.841,51.583,-4.435,-56.018
1004,245,23324,83803,68.948,44.923,32.287,36.661,12.636,-24.025
1004,246,18673,79152,39.002,40.492,37.894,1.108,2.598,1.49
1004,247,13249,73728,94.422,48.566,43.18,51.241,5.386,-45.855
1004,248,10695,71174,211.366,48.993,53.502,157.864,-4.509,-162.373
1004,249,16169,76648,12.629,23.592,20.135,-7.506,3.457,10.962
1004,250,14385,74864,45.397,45.445,38.801,6.596,6.643,0.048
1004,251,1192,61671,151.236,54.908,54.067,97.169,0.841,-96.328
1004,252,20543,81022,72.067,67.95,67.384,4.682,0.566,-4.117
1004,253,8005,68484,110.042,54.169,49.559,60.482,4.609,-55.873
1004,254,5842,66321,84.985,47.472,43.048,41.937,4.423,-37.514
1004,255,24232,84711,42.259,37.014,45.462,-3.202,-8.448,-5.245
1004,256,13614,74093,30.784,34.108,31.212,-0.428,2.896,3.324
1004,257,8215,68694,68.714,64.063,49.043,19.672,15.021,-4.651
1004,258,22474,82953,29.384,38.228,37.648,-8.263,0.58,8.843
1004,259,19351,79830,107.147,60.515,46.987,60.16,13.528,-46.632
1004,260,6889,67368,33.59,41.346,32.493,1.097,8.853,7.756
1004,261,7048,67527,33.991,33.856,28.587,5.404,5.269,-0.135
1004,262,15079,75558,172.124,28.762,40.239,131.885,-11.477,-143.362
1004,263,19332,79811,101.143,54.692,50.616,50.527,4.076,-46.451
1004,264,23511,83990,22.406,25.35,24.637,-2.231,0.714,2.945
1004,265,9105,69584,166.399,60.767,46.167,120.232,14.6,-105.631
1004,266,6475,66954,149.456,48.41,50.448,99.008,-2.039,-101.046
1004,267,15927,76406,32.142,38.658,46.161,-14.019,-7.503,6.516
1004,268,15806,76285,113.845,50.19,64.398,49.447,-14.208,-63.655
1004,269,15743,76222,45.544,40.734,42.07,3.475,-1.336,-4.81
1004,270,7966,68445,131.224,46.507,47.852,83.372,-1.345,-84.717
1004,271,13982,74461,20.768,27.133,25.638,-4.87,1.495,6.366
1004,272,10939,71418,40.762,25.718,34.934,5.828,-9.216,-15.044
1004,273,10674,71153,340.184,47.2,58.066,282.118,-10.866,-292.984
1004,274,21516,81995,66.648,41.038,49.482,17.165,-8.444,-25.609
1004,275,2394,62873,18.614,25.227,28.388,-9.774,-3.161,6.613
1004,276,25678,86157,30.748,37.089,32.475,-1.727,4.615,6.341
1004,277,22490,82969,25.273,36.733,39.509,-14.236,-2.776,11.46
1004,278,8152,68631,201.166,59.675,48.417,152.75,11.259,-141.491
1004,279,10670,71149,392.73,45.295,53.874,338.856,-8.579,-347.435
1004,280,17336,77815,110.838,40.548,38.096,72.742,2.452,-70.29
1004,281,18096,78575,120.647,48.966,54.062,66.585,-5.096,-71.681
1004,282,6263,66742,36.655,38.259,39.162,-2.507,-0.903,1.604
1004,283,7521,68000,34.364,32.841,65.652,-31.288,-32.81,-1.522
1004,284,2031,62510,17.778,25.973,18.967,-1.189,7.006,8.195
1004,285,12526,73005,100.546,37.57,41.77,58.775,-4.2,-62.976
1004,286,6668,67147,163.691,50.052,45.545,118.147,4.507,-113.639
1004,287,10932,71411,45.89,29.899,35.525,10.365,-5.626,-15.991
1004,288,301,60780,163.568,65.466,52.532,111.036,12.934,-98.102
1004,289,11689,72168,30.353,26.014,30.09,0.263,-4.076,-4.339
1004,290,9899,70378,174.07,60.241,53.217,120.853,7.025,-113.829
1004,291,2650,63129,126.202,43.442,53.759,72.442,-10.318,-82.76
1004,292,15830,76309,153.053,58.328,68.27,84.782,-9.942,-94.724
1004,293,3147,63626,34.705,37.424,51.548,-16.843,-14.124,2.719
1004,294,8810,69289,149.286,41.694,47.016,102.27,-5.322,-107.592
1004,295,4716,65195,60.869,50.054,42.756,18.113,7.298,-10.815
1004,296,20844,81323,33.855,34.855,39.947,-6.092,-5.092,0.999
1004,297,21632,82111,39.053,42.523,57.717,-18.663,-15.194,3.47
1004,298,13726,74205,106.098,57.678,44.835,61.263,12.843,-48.42
1004,299,6570,67049,114.489,52.262,45.928,68.561,6.334,-62.227
